0,1,2,3,4,5,6,7,8
0.0731075127173,0.0172248351338,0.0193953881133,0.0686262128493,0.463396430748,0.0392602470327,0.0459637816154,0.0869275662181,0.186098025572
0.146707959222,0.0374921816573,0.0496018949622,0.0495306060259,0.156354055171,0.0330792340936,0.120321922535,0.022078839273,0.384833307061
0.134473066976,0.132252389105,0.0745912154625,0.133095078838,0.0753100101457,0.0799312162901,0.103998843516,0.0486479205309,0.217700259136
0.0387800470704,0.0310440290487,0.0406914131005,0.0233703926477,0.199987851958,0.114998490614,0.46314423775,0.0646414849498,0.0233420528613
0.0662077955881,0.0777343917572,0.0436738304511,0.0374552554486,0.0304460830693,0.0578977058424,0.586391122219,0.0482180762624,0.0519757393614
0.0881153698811,0.0396062390344,0.0360266927096,0.0505114636845,0.123497251533,0.054936144207,0.443649944857,0.0149585755319,0.148698318561
0.0555550425951,0.0315970689887,0.0212287350068,0.0317298576759,0.032371264803,0.0546244002482,0.456143843865,0.040736381533,0.276013405284
0.174590034958,0.0428510222837,0.055008031101,0.346693830441,0.128000770946,0.0420974906646,0.0386164545065,0.115342964692,0.0567994004073
0.152037803405,0.533168932147,0.168759109475,0.0264182667989,0.0224865368785,0.0178881480207,0.0315524230371,0.0324035918829,0.0152851883551
0.0644811197158,0.594392099539,0.198743162527,0.0645064852995,0.00951625438771,0.0144320230742,0.0139671229887,0.0195215669707,0.020440165498
0.114372066726,0.0466803904369,0.0489081359567,0.0443867653845,0.42322444111,0.13821546453,0.0368935496918,0.0462812055381,0.101037980626
0.0932996284302,0.0519224371705,0.0392494876153,0.0858573575186,0.169263743009,0.0654928242489,0.424659985661,0.0284625867575,0.0417919495898
0.0815803408259,0.0204986485518,0.0322512897277,0.0285384186362,0.221510037119,0.244860243362,0.0652433995878,0.0548449101751,0.250672712014
0.032366103523,0.0604300651188,0.0708880380865,0.0240090532159,0.0421970484201,0.0872590848388,0.636375453663,0.0200218940483,0.0264532590861
0.0237016771584,0.0134882555613,0.029760266618,0.0488817869893,0.0553252796983,0.540236831641,0.0709353967756,0.0321389067259,0.185531598832
0.0822414382031,0.0712325470286,0.0530533532745,0.0374104702022,0.0117816777994,0.0567456571076,0.513026262414,0.0283515586663,0.146157035304
0.0388215568816,0.0573607066585,0.036268440883,0.0427427767948,0.0923044033856,0.076350142208,0.486851235945,0.0810836352384,0.0882171020053
0.113648643123,0.0989516851682,0.136744359902,0.330141465766,0.0412963971878,0.0402157360893,0.110624333879,0.0556731777229,0.0727042011623
0.052586673399,0.0375233410469,0.073076040163,0.0180357663288,0.250838256578,0.0983288815626,0.0533893518272,0.0625653744479,0.353656314647
0.261823074831,0.0891480337961,0.0452032804196,0.303558542167,0.0822709114998,0.0567095245734,0.046866626882,0.0932286299461,0.0211913758851
0.119530669319,0.0148860602922,0.0193329180372,0.0472235987069,0.0847217920534,0.0774331180326,0.156136514067,0.0919641290054,0.388771200486
0.132755269928,0.0609037233636,0.102979409358,0.327828152219,0.152775745815,0.0244978571381,0.0148377411693,0.0622723751046,0.121149725904
0.0885664350603,0.0260644732949,0.0482908313995,0.0225813726849,0.142455131497,0.162620463313,0.226606201375,0.0654304319314,0.217384659443
0.291974941641,0.0506056320309,0.0440488830805,0.0669623972399,0.0991025302694,0.113037921914,0.0400033859317,0.125056781703,0.16920752619
0.105602791329,0.0653521902619,0.0453637138548,0.057841138952,0.0484861268814,0.0848826946807,0.40544319701,0.0439689131994,0.143059233831
0.0301613907831,0.0448016914853,0.0616503043363,0.0604106093074,0.0636819194899,0.0915201245225,0.450955186846,0.0464938708231,0.150324902406
0.0232632123661,0.037648995783,0.0779320099705,0.0238364686286,0.0921605870709,0.0554168709547,0.0100736973705,0.448407822615,0.231260335241
0.0418606739447,0.0253444901517,0.0585269185337,0.0305946513644,0.162337357907,0.135617837011,0.0213674999215,0.231527556897,0.292823014269
0.0476458437571,0.034674402574,0.099592563747,0.0348666062799,0.283064508414,0.105269253446,0.302959859411,0.0219028353113,0.07002412706
0.0485791841361,0.043529993471,0.0541192427186,0.0305492995456,0.0834747300925,0.156849223883,0.457407656888,0.0300895565708,0.0954011126946
0.0836045997883,0.494506957352,0.162819311974,0.123208148723,0.0477178551229,0.0220846957335,0.0190934518836,0.0367725283912,0.010192451031
0.0931036842485,0.057752704812,0.087858112136,0.106160804715,0.25725180234,0.026220909365,0.0650653114004,0.0155482238673,0.291038447116
0.0514655789477,0.0287706973495,0.0375835199555,0.0510546020444,0.02879639134,0.113991481078,0.570355492489,0.0239967449237,0.0939854918728
0.0130109037819,0.0272012405436,0.0636885560901,0.0895716745079,0.123256247887,0.0959671315653,0.396888476315,0.0534355947372,0.136980174573
0.115012925662,0.02929363364,0.0719668116918,0.0712817787437,0.423462831884,0.0716527947854,0.0517506340789,0.0381249013789,0.127453688135
0.0938304700733,0.0402784158893,0.0470120831704,0.0211300523851,0.144370473201,0.157220414668,0.387974754729,0.0410942720456,0.0670890638388
0.0812586186652,0.0154020792742,0.0485023831702,0.0220680640909,0.0360436642739,0.385369165331,0.0650621995875,0.0328104960027,0.313483329604
0.071673268399,0.0441469857816,0.0568097190419,0.0412686430453,0.554098851732,0.0616964567257,0.0308777218271,0.0620435217824,0.077384831665
0.0386070920431,0.0604602443182,0.116749542369,0.111707431201,0.224522955466,0.0857033139686,0.194460323746,0.048157964581,0.119631132306
0.0639686540844,0.0374411481559,0.0325153894597,0.0277202023034,0.102698723981,0.0392918267352,0.457400882824,0.0265107792927,0.212452393163
0.129088537541,0.107326936619,0.050891958363,0.492013723573,0.0187744672339,0.0133313137811,0.0531331141796,0.0950624576564,0.040377491053
0.233548588556,0.438026093343,0.066416175334,0.0273960409731,0.0164473311305,0.0620972397402,0.0884274446278,0.0310832603078,0.0365578259876
0.0173191073409,0.0151316348033,0.0222239975768,0.0244920817157,0.0550031337459,0.547328620281,0.169105787431,0.06536245611,0.0840331809955
0.0466184992754,0.0398530025834,0.0669498846502,0.034616258562,0.0243779725824,0.0335405115986,0.0347794765662,0.632571491308,0.0866929028737
0.028013715462,0.0635029455519,0.0521843228503,0.0402198587189,0.542796390965,0.0220792619555,0.0207236863467,0.0155126746753,0.214967143474
0.0538081188578,0.0100491716941,0.051041418318,0.0250324072379,0.0772493866133,0.117949173735,0.60336147387,0.0177386889319,0.043770160742
0.236645242237,0.12160538687,0.0492466031158,0.206081671889,0.0736361043138,0.0355883193565,0.0296407748867,0.0965047809008,0.151051116431
0.156595549364,0.0400695379015,0.0975821813556,0.38266611126,0.0762712509964,0.040252797676,0.0470387031426,0.120799818484,0.0387240498197
0.113711709247,0.059984920062,0.0794941972168,0.0984369443835,0.324250313318,0.0892960611787,0.0714753260797,0.0313709943186,0.131979534196
0.038096069995,0.099456879135,0.573088785083,0.0762982951097,0.0674077716255,0.0126930429583,0.0321285504538,0.031972212194,0.0688583934459
0.101604753564,0.106490191737,0.0439119642762,0.0331355205054,0.0668561164085,0.169076566296,0.414964731608,0.0294336556308,0.034526499974
0.0301283969867,0.0485348167956,0.0485718423728,0.0142211071767,0.133585795348,0.170627242302,0.438108065629,0.0409725493059,0.0752501840835
0.0210230454738,0.01446370737,0.0267517483066,0.032752364877,0.0919111765238,0.1306956455,0.117568553203,0.0573249877521,0.507508770993
0.0342699024591,0.0458305314547,0.0744645654232,0.0464156785923,0.0449128716191,0.0444611761812,0.638246226373,0.0234541684932,0.0479448794047
0.185927348853,0.0769564584708,0.0405043167699,0.409308223244,0.0923774073713,0.020275863154,0.0433226835464,0.0477301461119,0.0835975524784
0.0316920684412,0.177684285352,0.629637165673,0.0429550889217,0.0289963769552,0.00591259539914,0.0274961185917,0.0377405636049,0.0178857370608
0.285971030598,0.0757808160162,0.0348279034751,0.139739003764,0.0616100752761,0.0398259506921,0.103337087036,0.0882833332975,0.170624799845
0.0519742816881,0.63844926105,0.105634891355,0.0549299457738,0.00973380828877,0.0161064026146,0.0637140322993,0.0407664441827,0.0186909327479
0.107753454764,0.164485591209,0.160233465428,0.0613821421447,0.0517421265062,0.104508462523,0.122757520714,0.127902393382,0.0992348433286
0.263301408458,0.102786481559,0.0923603358338,0.121489340993,0.0738226413571,0.0400845315508,0.149069511388,0.0158325318893,0.141253216971
0.0479621533184,0.043584169809,0.0355934039052,0.0566889033257,0.605719654986,0.0418217459823,0.0245480639711,0.0453934253285,0.0986884793734
0.0769495403482,0.0405195585418,0.0592978820364,0.0284072132105,0.0857191206418,0.144258146447,0.379464539261,0.0902075146687,0.0951764848454
0.026877727593,0.034079887275,0.0657612827422,0.0359147307532,0.0159213082958,0.111670045441,0.62260347312,0.0321660294745,0.0550055153046
0.0428905148973,0.13251599025,0.639135595112,0.0249405622053,0.0640093540786,0.00754108860705,0.021884629635,0.0479339535367,0.0191483116785
0.0165479856815,0.0492514503232,0.0328871015504,0.0267538610984,0.0806797932883,0.0884034712828,0.603184030312,0.0397843161387,0.0625079903244
0.0122939516596,0.0962395114455,0.659104805027,0.0112683541872,0.067792309954,0.0488118223754,0.0257800336783,0.0505776133336,0.0281315983389
0.0259029552971,0.0760958861018,0.0529157225765,0.127089881239,0.110037661007,0.183911927115,0.316306284434,0.0347027134806,0.0730369687482
0.0401799526233,0.100178468341,0.647701019325,0.0150799015162,0.0616790248624,0.018333785579,0.0248468918373,0.0507546798731,0.0412462760427
0.0525695689057,0.0435679404881,0.0517775382065,0.017708253402,0.0778639386843,0.0968392515267,0.509519672103,0.0237107349429,0.126443101741
0.058973753295,0.175366863729,0.0918449595226,0.363003343266,0.113923089911,0.0449726532149,0.0476310849506,0.0620545379234,0.0422297141875
0.0711694353376,0.0232111140831,0.0737968486247,0.0951225560203,0.0213519450112,0.207580850147,0.00624046788374,0.367197259132,0.134329523761
0.0575915731035,0.0426157413367,0.0455831464353,0.02738200638,0.0703346288619,0.18850269662,0.370779797497,0.031296340359,0.165914069407
0.0208468532275,0.0286218326556,0.0666290510681,0.0434998145659,0.0633356468117,0.0586204777673,0.506663120085,0.0319639393762,0.179819264442
0.149505160412,0.255741616839,0.114555178093,0.0703130993219,0.0829879739883,0.0352874135893,0.0815314656882,0.166272196442,0.0438058956264
0.0716949161903,0.123274043013,0.658931942991,0.0228118322086,0.0225764535426,0.00582474482181,0.0128286823111,0.0426377796357,0.0394196052857
0.106502032542,0.0203787155199,0.250587186848,0.118994762084,0.309693706428,0.0479599696169,0.00786790140413,0.089405770023,0.048609955534
0.0717903015291,0.0261887825032,0.0622018535385,0.0189190183731,0.147294515392,0.0766263633507,0.53942203709,0.025461555497,0.032095572727
0.137655252962,0.0695692484637,0.0563144124001,0.0585792343503,0.221177081217,0.0277872873612,0.17819055559,0.0383097574887,0.212417170167
0.0814966590271,0.0390478878184,0.0784765322057,0.0503417873221,0.0400316463807,0.123139991371,0.0670791457556,0.460445979941,0.0599403701793
0.300160717966,0.0223348803788,0.0268837532223,0.0284170786795,0.116183780157,0.149034372246,0.0310718001721,0.231190699987,0.0947229171903
0.0690735142293,0.10539524859,0.0609117516127,0.408750328604,0.205874723388,0.0290383633333,0.00627538514276,0.0497703305007,0.0649103545989
0.138153717874,0.0575784142177,0.0640229531857,0.0733564395819,0.311184359042,0.102385854468,0.124957203227,0.0375852471391,0.0907758112646
0.0196674243186,0.045131863232,0.0316107665356,0.0687155272461,0.0607821886027,0.0711249224192,0.405395181833,0.131616970961,0.165955154852
0.0816040107783,0.0537254539148,0.0801264909354,0.0447778710219,0.365666040521,0.0292576947835,0.02388943714,0.0295607574282,0.291392243477
0.0534461492093,0.0583584896626,0.033355585836,0.0623289755608,0.0294190701495,0.0789070275611,0.511048674083,0.0193977174126,0.153738310525
0.340039058434,0.0381522830833,0.0255617523769,0.0410355621396,0.0639123854496,0.0819339250604,0.0392220654107,0.182842453665,0.18730051438
0.180756232352,0.0679491035397,0.0420674503496,0.524111415012,0.0540028313635,0.0286808154886,0.0344232762473,0.034096758864,0.0339121167836
0.0403049394779,0.187273713029,0.381277897127,0.065064924742,0.11756566772,0.0295605011933,0.0947214429206,0.0322390707851,0.051991843005
0.0523275370111,0.0509038905646,0.0513001646248,0.0293623693715,0.0313690517892,0.0636925008562,0.59890618388,0.0157232626634,0.106415039239
0.164661430422,0.554015619939,0.0618525847057,0.087583528894,0.0277596994704,0.0238721946014,0.0423938617682,0.0235940634803,0.0142670167182
0.0779331540623,0.0168324251249,0.0359544150587,0.0300159673728,0.0624009395696,0.154084567486,0.523725692355,0.0499180893755,0.0491347495949
0.124522546844,0.0227726250961,0.075232677621,0.0338823959168,0.301921717235,0.125814369455,0.0294265917213,0.120924048121,0.16550302799
0.0890485396137,0.090681264571,0.616034210412,0.0127469463954,0.0539791609898,0.00714137710219,0.0431251051507,0.0625857559185,0.0246576398466
0.101235509225,0.034865284566,0.034131689671,0.114746171536,0.0779830976389,0.0255270839545,0.411766304608,0.0498610910903,0.149883767711
0.0767312199671,0.0272022528207,0.0547135344611,0.0501610486519,0.0834503788836,0.0470219496675,0.529127626409,0.0502304518102,0.0813615373288
0.0401026098501,0.0480649775557,0.0654651783444,0.0195670017926,0.142231228808,0.172326150799,0.44847001472,0.0311791162718,0.032593721858
0.0460709110401,0.431788396304,0.245756576192,0.103581832335,0.0197588252515,0.0169094648396,0.0793422729207,0.0440193593035,0.0127723618126
0.152319686457,0.0585065178754,0.0332617927065,0.394899469935,0.0814939755211,0.0424754636359,0.0840842087459,0.0957107865262,0.0572480985965
0.0370528929082,0.0655046392322,0.57012306636,0.0477276315416,0.0924850803852,0.0213416172358,0.0776881788794,0.0422964958601,0.045780397598
0.0799648003805,0.0200033241442,0.0620443407629,0.0302293806339,0.0355280970511,0.0697052000855,0.609022582762,0.0359944698563,0.0575078043238
0.0479309334038,0.10502785576,0.655110599273,0.00716956418724,0.0665759304189,0.0185949133289,0.034960985895,0.0389828934635,0.0256463242696
0.012098282884,0.0147648006275,0.038796151603,0.040557800967,0.0207905434978,0.12739281948,0.680848865034,0.0201835321942,0.0445672037131
0.148124678226,0.10800290066,0.0642931597187,0.208167766125,0.219991002421,0.0209442433931,0.032328389742,0.109955043543,0.0881928161716
0.196352059784,0.0287030252447,0.0622712568771,0.0635547952642,0.316450680975,0.0735620211831,0.0487425182168,0.123926098513,0.0864375439421
0.0439685295471,0.0214147519739,0.0350202481584,0.0125476627406,0.144965800702,0.16637730573,0.0701297322207,0.239019470722,0.266556498206
0.0766136165234,0.15129663239,0.552941446741,0.0103454775002,0.0441845768973,0.0242547771236,0.0756644929158,0.0339472695226,0.0307517103857
0.0844661452184,0.0496940782399,0.131638964322,0.103713751893,0.411450312444,0.0556407906534,0.0341205550452,0.0568651962023,0.0724102059819
0.196148379739,0.0557834505464,0.0454646191534,0.130005095602,0.0256876056689,0.0551412253618,0.0180207275384,0.381906364073,0.0918425323165
0.131535518539,0.0907020477819,0.0915752720547,0.137447618776,0.0534023730137,0.0454802547353,0.249132604844,0.047850607126,0.15287370313
0.122030276877,0.10078832327,0.0882710126125,0.381724038679,0.109971708056,0.0174678522044,0.0470495187752,0.0687903558038,0.0639069137213
0.057208707093,0.0535986957525,0.0615517868442,0.0196984940246,0.189978363341,0.0258228435168,0.495760088509,0.040373607958,0.0560074129618
0.0408935012879,0.0422318040866,0.0461920218666,0.0223094597248,0.0338189502327,0.170152480838,0.513781685322,0.0341482783474,0.0964718182938
0.0901853712457,0.0263128925295,0.0471565308516,0.0408085844118,0.430536828983,0.130434720221,0.135220591269,0.0377138843372,0.0616305961513
0.112586630185,0.0421404373269,0.0459224428067,0.0344773167908,0.100324276534,0.0549860613199,0.460983817208,0.0365605923392,0.112018425489
0.0377329732443,0.0164270042622,0.030435471113,0.0398167430357,0.2849809928,0.363119950752,0.0244621908603,0.0751667904325,0.1278578835
0.0558536345574,0.0535732427184,0.0347591127363,0.0538671980323,0.0432251511237,0.129478106081,0.564530357772,0.0277115539309,0.0370016430481
0.218330204526,0.044972528202,0.0827228956248,0.215305936191,0.184582027941,0.0421625188071,0.084794034782,0.0778371135277,0.0492927403989
0.0313584617669,0.0502705516847,0.0390904845126,0.0298684933791,0.0601371993844,0.0658766443155,0.578002121735,0.0387213228409,0.106674720381
0.0806459091927,0.0448669144841,0.0477704976145,0.0161839455979,0.0503544604122,0.0741428708402,0.555090885532,0.043953545702,0.0869909706243
0.0488559794815,0.0205636523532,0.060683183562,0.0292642562307,0.102917108727,0.0831072874647,0.50461233338,0.0404128927189,0.109583306083
0.0693952532132,0.0452071518861,0.0541873054786,0.0291790727524,0.052872437774,0.204008368926,0.470686057316,0.0392275628061,0.0352367898482
0.107035370274,0.0352702571439,0.028062895229,0.0565318141987,0.0464471106973,0.0476115308715,0.498286529856,0.0928661486664,0.0878883430631
0.139561560906,0.45607423719,0.0794945435348,0.141006300543,0.0260268002938,0.0334497946126,0.0825568883566,0.0324987233662,0.00933115119691
0.122390689172,0.0488049127227,0.0344104490354,0.0260624553644,0.0428944718088,0.100848145745,0.528707701788,0.0371461935164,0.0587349808478
0.0480159703359,0.0577837927472,0.0456103058377,0.0217655537963,0.0456710871325,0.0521259816631,0.60657290537,0.0438123322453,0.0786420708724
0.122913273469,0.0488564489535,0.0489439670356,0.0543451893719,0.435418868913,0.0166108098898,0.0225596216127,0.0538616554668,0.196490165288
0.093930112877,0.0329381103225,0.0311424841686,0.263512997577,0.174832492611,0.0807683959394,0.081445151325,0.0255667106845,0.215863544495
0.129078690491,0.0849502550295,0.0600935645409,0.456995199697,0.0477107102189,0.0504757985026,0.0626230355757,0.0684972063326,0.0395755396115
0.370965884576,0.0772151446906,0.0267159789099,0.160494015587,0.0371848796791,0.0202285818524,0.0480957464416,0.113209239125,0.145890529139
0.111340176349,0.0278820220904,0.0290732089337,0.0438889414842,0.0603123355231,0.122300164061,0.0421827878055,0.391938076037,0.171082287716
0.0765552524109,0.0607180863829,0.0712101400549,0.0588434221338,0.050424542612,0.0898047522938,0.529125530823,0.031077891395,0.0322403818942
0.0613998327527,0.0283138524624,0.0491500451445,0.0191234550674,0.0324242574736,0.109990049781,0.607599936606,0.0513815534456,0.0406170172668
0.0322156080165,0.0254376282921,0.0295517524367,0.0349158324812,0.180028632134,0.0462099064133,0.517879215592,0.0598413777355,0.0739200468983
0.03995526904,0.0593738735608,0.0352204759727,0.0534141960836,0.0805750808053,0.126732686848,0.510846755789,0.01660857941,0.0772730824903
0.276725533544,0.430244484619,0.0752683982471,0.0375783993188,0.034898135759,0.0421347757546,0.0389993309079,0.0461679217775,0.0179830200719
0.0746007569627,0.132840809085,0.110964888469,0.104876405028,0.158382255313,0.0606737734109,0.0876765676062,0.0290601057547,0.24092443837
0.0796323512987,0.0362294880897,0.0379664584312,0.0661655299606,0.0482213790208,0.133336039659,0.451413212818,0.13374481636,0.0132907243627
0.0733557427891,0.212756456574,0.531466821283,0.0226083039011,0.048076431688,0.0105856056057,0.00991439037062,0.0452667510675,0.0459694967217
0.0477756513733,0.0329537799211,0.0632587207194,0.106650364618,0.0631012151691,0.14770582386,0.367250377086,0.0631434027251,0.108160664529
0.0778591151197,0.0721607811669,0.0253440358153,0.0271705965974,0.0546273371928,0.0563346513503,0.485462970452,0.0645932845079,0.136447227798
0.011462410312,0.105239641585,0.043995221634,0.0147671687715,0.0424015222427,0.0513660427244,0.630228982519,0.0164539011257,0.0840851090852
0.0313885917719,0.0269826983842,0.056869269685,0.0218651685011,0.0548892012622,0.0977377637607,0.0382932289964,0.264561394345,0.407412683293
0.350149655283,0.0469666115756,0.0333484931248,0.166234759159,0.0748742444101,0.0172928837545,0.0798762451915,0.112627713641,0.118629393861
0.0343534416959,0.0425717797556,0.0535099762266,0.0128791542759,0.0270743614029,0.0861760706254,0.652208671337,0.0309490959571,0.0602774487236
0.168657074682,0.0726082850691,0.0780952100099,0.244427351279,0.0946003988702,0.0392042990571,0.0195968699875,0.156224126615,0.126586384431
0.0483863846139,0.0486332624438,0.056310587454,0.102120663161,0.0647854884685,0.0927480022225,0.459717377034,0.035155368199,0.0921428664024
0.0855331294287,0.0480825572157,0.0571242868431,0.032944324171,0.0213364198934,0.162333114022,0.449195347473,0.0718962715139,0.0715545494385
0.106475012079,0.0344046061414,0.080585698431,0.513129069639,0.0927163428157,0.0427666603576,0.0183341818179,0.0299182928922,0.0816701358255
0.0571420865708,0.0517413696058,0.0523504455204,0.0576663040387,0.203912213169,0.0452086713823,0.343276738476,0.0825561791798,0.106145992058
0.0318343141647,0.0544368520083,0.057715232666,0.0217373507971,0.0889517393395,0.187858533012,0.430216010385,0.0362448557385,0.0910051118883
0.0451670064489,0.0371612578816,0.0544910335265,0.0125248476208,0.0287875319978,0.119651653082,0.587539915799,0.0156259123682,0.0990508412752
0.114690383028,0.447507864643,0.0993038211658,0.16396068988,0.0309580501366,0.0152993077446,0.062013514512,0.0435846539151,0.0226817149751
0.0504297873583,0.156898865814,0.431424328502,0.0425339694858,0.0549314745806,0.0357418949589,0.173865281548,0.0226703103928,0.0315040873596
0.172354699082,0.0204705715468,0.0260678048414,0.0198063725531,0.444540152668,0.0142658895125,0.0959801715107,0.0281202870381,0.178394051248
0.143301145461,0.058107432218,0.0527307535229,0.0859055030401,0.144632657126,0.0346896720671,0.207851784173,0.0699153499084,0.202865702484
0.0824795061992,0.0349087038077,0.0545617890173,0.0302334238221,0.107003432963,0.024712723259,0.519732805571,0.0231196523833,0.123247962977
0.0754792789593,0.0376700896441,0.106949329799,0.0674243421949,0.282119857752,0.0309922113795,0.0182158537547,0.249673895396,0.131475141121
0.0310752595435,0.101585638457,0.0486876917484,0.0235096911588,0.0328033401822,0.0606209068973,0.590013381881,0.0454873652074,0.0662167249242
0.0667467823559,0.0366826186132,0.0329994089779,0.0148325329194,0.0690349606274,0.109051620952,0.474306359362,0.0723593779898,0.123986338203
0.188726599789,0.0411243192334,0.0700103807299,0.346153017515,0.136872829509,0.0140692938217,0.0251950716072,0.101673295816,0.0761751919781
0.362996009425,0.046464662956,0.0854273131538,0.136631226598,0.181247741552,0.0223095197756,0.0432697817585,0.0702578130999,0.0513959316816
0.0209430880365,0.259678479302,0.498105350227,0.0216214300418,0.0553441544918,0.00668575116882,0.060765646298,0.0370770454066,0.0397790550278
0.180437388322,0.0502259255954,0.0584830814576,0.386761311944,0.0630011080348,0.0420188141009,0.0841423236304,0.114663769847,0.0202662770679
0.120431577013,0.0387692968815,0.0228215983561,0.0126935871041,0.0336418329165,0.0534172083923,0.616136444763,0.0452471791047,0.056841275469
0.0960977892308,0.0641788774327,0.034140856958,0.0298835470939,0.0731338983536,0.0318911818803,0.433686094747,0.129602601254,0.107385153049
0.0291155856214,0.0182048373561,0.0194029979771,0.0150619959069,0.10746639737,0.675092600406,0.0313335887958,0.0377405364484,0.0665814601174
0.103032145348,0.0696428666313,0.0314039398437,0.0223285079857,0.130120708211,0.0685921398263,0.453416874497,0.0518100524558,0.069652765201
0.0796852165644,0.328049061615,0.123273680236,0.145636994317,0.0213028347957,0.0618706274582,0.152758667988,0.0821415126224,0.00528140440376
0.0936334645479,0.0346645258355,0.0319639043251,0.0527681498337,0.0588788836508,0.127858768088,0.433383607086,0.0419770735449,0.124871623087
0.292880446162,0.0359755959704,0.0284671830134,0.0592685565721,0.0912177756654,0.0528432450213,0.103384475488,0.177588435517,0.15837428659
0.0231117034892,0.0773599666788,0.0364657202568,0.0497942966111,0.373741193864,0.085708677205,0.309289059351,0.0192267398022,0.0253026427422
0.0627816382526,0.0177744024061,0.032288682748,0.101582082425,0.263959527568,0.0335828750814,0.0151979275431,0.175345044392,0.297487819584
0.0723734502465,0.0430211134135,0.0292751823743,0.0237814078808,0.0423745965575,0.0297628110944,0.513226383377,0.0293060826177,0.216878972438
0.128756139045,0.0283147102694,0.0438668948535,0.10462443463,0.159445000484,0.0189405059051,0.151013458553,0.0736907365224,0.291348119738
0.120054637509,0.0612731811302,0.0524161038391,0.185087227176,0.137618079806,0.0201403982746,0.13672179644,0.108830578547,0.177857997278
0.159559301899,0.377890057953,0.0679917021161,0.220599502227,0.0141853368591,0.0259905986462,0.0880966735948,0.0373088287312,0.00837799797298
0.167795178672,0.0357123551148,0.0646171908955,0.0918565211551,0.473887428635,0.0454215373118,0.0149336861774,0.0406402764815,0.0651358255568
0.125769658569,0.0482024997781,0.0612378267167,0.0492436049611,0.122028834815,0.0987940743951,0.0600459418786,0.197424088754,0.237253470132
0.0484002970619,0.0552884793835,0.0637656610673,0.0291278531459,0.0957819089506,0.049689707056,0.565227720701,0.0479702331265,0.0447481395076
0.0874271896969,0.0283047772886,0.0395128697319,0.0249433862253,0.0557022787564,0.0849873211707,0.552582779268,0.0693500960944,0.0571893017675
0.152263166435,0.0299683110143,0.0349467873868,0.355983253421,0.290084423173,0.0391289948917,0.0142141711723,0.0452589831481,0.0381519093575
0.0451670064489,0.0371612578816,0.0544910335265,0.0125248476208,0.0287875319978,0.119651653082,0.587539915799,0.0156259123682,0.0990508412752
0.0841285321998,0.023712724177,0.0604393634104,0.0528617939333,0.445269154807,0.147350869703,0.0265268955026,0.0509609907512,0.108749675516
0.138662560267,0.069908219929,0.155627221398,0.243871373419,0.10734795618,0.0212014013852,0.0132001050368,0.152319255248,0.0978619071378
0.0506888871813,0.222933361575,0.449596316365,0.0430677714609,0.0328220948782,0.0139924400688,0.0685994897619,0.0397004725643,0.0785991661449
0.347340046842,0.0468040972381,0.0562199998252,0.179746568923,0.0478385935007,0.0377140843985,0.0936813927453,0.153947390273,0.0367078262537
0.168570332301,0.0537262798607,0.0448739505799,0.0553111751753,0.0342326199494,0.0538423069949,0.415048391696,0.111889075926,0.0625058675172
0.0625651380475,0.0388250265254,0.121007624319,0.0753151864776,0.453586399905,0.0955124194312,0.0190775731673,0.051248578711,0.0828620534166
0.0744204638078,0.0423528141074,0.0392818767783,0.0624823947839,0.443564870384,0.0633921309686,0.0220712120899,0.083542659951,0.168891577129
0.139482477195,0.0199521225201,0.0220408378065,0.051084940212,0.254587200799,0.0633073480051,0.0744170484768,0.0429602333808,0.332167791605
0.0813118776482,0.0249908839282,0.0386047738481,0.0212748700095,0.0326770546733,0.0605468576476,0.0275575607985,0.624709623235,0.0883264982118
0.110591811304,0.0464377539925,0.0785767165518,0.0247064323054,0.11102307362,0.135509827719,0.301127896426,0.101797343775,0.0902291443058
0.110508203569,0.491239172474,0.116451914947,0.0520539418229,0.0255630639659,0.0200752801092,0.0800513718468,0.0636728337838,0.0403842174816
0.205225968061,0.0236253314166,0.0541540224895,0.393540198248,0.0791403864947,0.0216280743082,0.0388733147492,0.1057718416,0.0780408626336
0.0855331294287,0.0480825572157,0.0571242868431,0.032944324171,0.0213364198934,0.162333114022,0.449195347473,0.0718962715139,0.0715545494385
0.0494812343261,0.0546237050292,0.0515261118575,0.0528579324179,0.0260842386695,0.0760175071219,0.579616767501,0.0465484902938,0.0632440127835
0.0407630369849,0.0491049021611,0.0453757256718,0.0326965772992,0.0506467363756,0.15016605977,0.514433719739,0.0776800094273,0.0391332325707
0.0393187323885,0.0992951325999,0.0711999446964,0.0515300418837,0.0695640864072,0.020442659472,0.445854439091,0.0419130645327,0.160881898929
0.0167829621631,0.16799976356,0.561198643104,0.0872899119495,0.0317363516827,0.0211836367772,0.0425388202203,0.0264412954373,0.044828615106
0.0343057216291,0.0502660774029,0.0403091732001,0.0420456471606,0.0591959256381,0.0525903954271,0.645575875271,0.0293166606868,0.0463945235846
0.136965508056,0.0212447974117,0.029037929855,0.0256461331121,0.163599556701,0.0524292001743,0.484107314285,0.0534882688548,0.0334812915503
0.15630261345,0.0796152757425,0.0589117963928,0.440801954552,0.0675012391657,0.0276665162246,0.0253246718984,0.072539447988,0.0713364845867
0.0288792020861,0.0432741550511,0.0311938213175,0.023006158583,0.0660917022357,0.315870147873,0.399281905225,0.0147138364567,0.0776890711718
0.313252628006,0.110997968128,0.0376524086599,0.245211077623,0.0850462801944,0.0402905389601,0.054702590515,0.0491916695572,0.0636548383556
0.0888473095845,0.0391990798844,0.0330699250346,0.0457993135684,0.214705852174,0.062461270158,0.161323926689,0.107893616937,0.24669970597
0.0108117387918,0.133177954133,0.666317296126,0.0178387866005,0.043384048478,0.00958697200708,0.0259176979015,0.0688280099327,0.0241374960296
0.0378358593477,0.46371966855,0.236628487981,0.048280831124,0.0225595154559,0.0108930173412,0.0915074351468,0.0348689605497,0.0537062245043
0.0575915731035,0.0426157413367,0.0455831464353,0.02738200638,0.0703346288619,0.18850269662,0.370779797497,0.031296340359,0.165914069407
0.0247674664969,0.0209388883397,0.0465486640993,0.0318483078371,0.146779596347,0.110563566823,0.024989379939,0.131084316682,0.462479813436
0.140384145827,0.0705938285735,0.0463842184584,0.465848756764,0.127375955527,0.0407000316514,0.0179334774897,0.0411723170081,0.0496072687006
0.0790470315389,0.0294355171672,0.0413734683988,0.0303614625563,0.444661520369,0.0518662160055,0.00643203578003,0.162001717636,0.154821030549
0.129148984821,0.47764803228,0.208772520264,0.0301666403804,0.0300170468051,0.00871370247267,0.0507037844988,0.0455169478375,0.0193123406402
0.209002538057,0.121720950032,0.0595392862121,0.257769748374,0.0997290187803,0.0453577660067,0.0765961488114,0.0820835037653,0.0482010399616
0.0357245124968,0.00560726251469,0.0147639001795,0.0113064172041,0.115428941202,0.461042622545,0.0772034717303,0.0358425735841,0.243080298544
0.0376875307336,0.187548030792,0.610347026525,0.0233037779016,0.0300863145137,0.0061638289643,0.0103041570154,0.0576357781194,0.036923555435
0.235913738122,0.0369963069421,0.0263344997503,0.104929809629,0.0394946512451,0.0489738243681,0.0469313684109,0.363084466944,0.0973413345885
0.0549408367754,0.0914411947192,0.621446747163,0.0218762069652,0.0894083441941,0.0147674191384,0.0589944591184,0.0268952121047,0.0202295798221
0.0604861190438,0.0859927878529,0.0425802931574,0.0490963385328,0.104885056085,0.0787445016804,0.39255004805,0.063455301699,0.122209553898
0.163319860385,0.0427288675198,0.0351878300102,0.0170909415377,0.0213897045696,0.118610857755,0.546349553679,0.01692105704,0.0384013275029
0.202224453303,0.370909142169,0.092660200304,0.0792222334649,0.0137127032419,0.0767485638704,0.0938987495687,0.0461917872154,0.0244321668634
0.040483735511,0.0742199424614,0.054649961343,0.0740284076181,0.0415846889938,0.128630990316,0.41784211618,0.028304071733,0.140256085844
0.0692739379323,0.0335392780174,0.0307858280206,0.0487377476594,0.126110554487,0.0817603412188,0.474962801007,0.0338485618589,0.100980949799
0.116424707935,0.0850119108656,0.0262765763684,0.278344430562,0.0631654778264,0.0395722021812,0.0893029410002,0.212397287422,0.0895044658399
0.0193856940222,0.0206037273185,0.0598320122329,0.13294376684,0.497861462964,0.114535533088,0.0801221469063,0.0313216963931,0.0433939602353
0.0288792020861,0.0432741550511,0.0311938213175,0.023006158583,0.0660917022357,0.315870147873,0.399281905225,0.0147138364567,0.0776890711718
0.161928576466,0.0303387392459,0.055617853366,0.0864402124121,0.176590210481,0.15219068631,0.0209300527141,0.234782136059,0.0811815329455
0.113107112085,0.0395685879527,0.0495762641949,0.0287213369606,0.0190802327946,0.12829824516,0.0770195343028,0.479140216799,0.0654884697504
0.0633693914414,0.0494701907907,0.0325227873193,0.258578047668,0.0265780699401,0.0936103063994,0.115512787541,0.247571748236,0.112786670663
0.181336518195,0.0436677824364,0.540226174531,0.0556755927569,0.0590345566423,0.00317186901636,0.0196174708337,0.0286334159596,0.0686366196285
0.0841512978668,0.0344008058615,0.0435117269368,0.0358222582133,0.0462780317478,0.072570498741,0.62122986962,0.0424816567465,0.0195538542662
0.123295050736,0.0125919368937,0.0198923119616,0.0111723183859,0.0608544164375,0.457841706318,0.0248027096555,0.0168874748944,0.272662074717
0.0447386165801,0.0337041913483,0.065281671514,0.029583549608,0.0366838902544,0.0600967466109,0.541902407803,0.0328391385802,0.155169787701
0.0948087655903,0.0513970159636,0.0903127827508,0.0132549291799,0.0356231900082,0.0339688728818,0.551482988991,0.0450020525793,0.0841494020546
0.0501436549815,0.0606945237953,0.0562656950606,0.131323586824,0.228488104378,0.11166919396,0.227976741538,0.0439567154348,0.0894817840272
0.0701086199323,0.531155609987,0.0951914802208,0.158833258545,0.0715016169302,0.0156678793376,0.0203323580518,0.0225136893999,0.0146954875958
0.0264084153185,0.0421226090418,0.0862528940743,0.0214300262364,0.0813975462485,0.156884104484,0.432807199838,0.029120797509,0.123576407249
0.137402898527,0.0784173508752,0.0708507241926,0.0438441047049,0.122468807627,0.0611878207991,0.378061657692,0.0212551679802,0.0865114676014
0.0439748300516,0.517387252019,0.106483760117,0.138011498953,0.0658571769333,0.020676850923,0.0540448512204,0.0441370176243,0.00942676215855
0.181153413631,0.0624264531314,0.045895362335,0.432807400833,0.0591689292799,0.0479338149495,0.0674249845174,0.0954632727728,0.00772636855029
0.142244724357,0.549407103877,0.0519039254179,0.0284128099093,0.0253326415631,0.0238896862212,0.0917985147859,0.0747896257849,0.0122209680841
0.0927527179898,0.0628808699963,0.0647687850392,0.0280063127083,0.0758637753328,0.0573891420122,0.343580141249,0.0578532498438,0.216905005829
0.0340408301173,0.21349818441,0.298438527057,0.0450337893801,0.0554516471204,0.126779877651,0.0581315704891,0.120385903728,0.0482396700487
0.0324593107686,0.131397484187,0.584567243826,0.0194059672949,0.115751280679,0.0106355447936,0.0263229638232,0.0420105557472,0.0374496488802
0.0251754968505,0.0423304244774,0.0342703071368,0.0234841251474,0.117254097925,0.0949289739422,0.567394743265,0.0280704905065,0.0670913407499
0.0355304913782,0.0143370615138,0.116891757647,0.055143970668,0.303505548153,0.0571172662977,0.00713637861436,0.190964658739,0.21937286699
0.211952069545,0.462407472345,0.113386891349,0.0370889986632,0.0156736601192,0.0241316766704,0.0546616092044,0.0646955524929,0.0160020696115
0.0836227340108,0.0552154036334,0.0350660003048,0.0192494027721,0.110771355831,0.0391276518671,0.551085846433,0.0434350844982,0.0624265206498
0.212410958497,0.0503719969282,0.0403588698335,0.294962032215,0.0644650576575,0.0665371350919,0.0881772711991,0.0884645715184,0.0942521070599
0.0938304700733,0.0402784158893,0.0470120831704,0.0211300523851,0.144370473201,0.157220414668,0.387974754729,0.0410942720456,0.0670890638388
0.1190549748,0.0659527151289,0.082524657235,0.318589544014,0.0963932401626,0.0151325382478,0.127055133522,0.116094855257,0.0592023416325
0.0885664125243,0.0400598939838,0.0522094889148,0.0387271973991,0.0516161942965,0.114279628789,0.0185693294528,0.39129519017,0.20467666447
0.0860932109735,0.0651004464352,0.0798339774138,0.0905533093024,0.0236821133728,0.103217131326,0.0810366040736,0.344282260273,0.126200946829
0.0201072079229,0.0453844469421,0.0439286507483,0.0378922044297,0.0766611441838,0.18400455128,0.493293877959,0.0499995312349,0.048728385299
0.32669832881,0.0624556658409,0.0472424028717,0.297501256102,0.0644660676864,0.0397968819248,0.0524961543595,0.0817056613475,0.0276375810564
0.245574235749,0.0984345262831,0.0415744690861,0.109488882998,0.0418077727054,0.0438051272133,0.150514277337,0.249044819556,0.0197558890722
0.0239438767772,0.102917194054,0.711745955475,0.0209942222095,0.0418913850736,0.0270674750316,0.0219211346891,0.0272307864605,0.0222879702297
0.0268281691533,0.0664666418809,0.71469177462,0.0126919811846,0.0454294159206,0.0132967984814,0.0192183076261,0.0589179151058,0.0424589960271
0.0423528197464,0.0598552545542,0.045965513795,0.039108389425,0.0790300674748,0.0300023846396,0.549442527786,0.0372958821808,0.116947160398
0.0360051658804,0.145187231463,0.558592506655,0.0143290616154,0.096101075994,0.0141449179744,0.0281730357383,0.0377319394551,0.0697350652242
0.0754199662885,0.0302611822767,0.0489811321592,0.0105226206864,0.0542649831093,0.0598723333166,0.597239192279,0.0426643059691,0.0807742839149
0.0615501782359,0.0254957115465,0.0402617066594,0.0493500875141,0.114206338541,0.0418819862064,0.545464276729,0.101565773035,0.0202239415322
0.113735690413,0.15857524018,0.545826965284,0.0125327973346,0.062752459924,0.023095427551,0.0223930894556,0.0271310748687,0.0339572549886
0.0431243545275,0.0879520972117,0.0545806715955,0.0599654922561,0.0452263086325,0.0668721051923,0.0891274910406,0.491203616095,0.0619478634484
0.167805022645,0.0295585628732,0.025246836232,0.0423381345481,0.0416472524163,0.0462061322005,0.0217364206551,0.159814222967,0.465647415463
0.05314655137,0.0455797533758,0.0319951760158,0.126705649161,0.102323606126,0.0553426494007,0.410343116928,0.116728202291,0.0578352953318
0.0177146054665,0.0147445637105,0.0198953599009,0.0143253993249,0.0363725533509,0.177358439548,0.0969070888032,0.130333140652,0.492348849243
0.0602167973267,0.0649603303442,0.0588357947201,0.0810446002943,0.0571213377052,0.117180658777,0.372082685121,0.105888419062,0.0826693766497
0.0803637667159,0.0361499781998,0.0218796459427,0.0366014181357,0.0346914379721,0.0458264815565,0.353043526203,0.0501429846765,0.341300760597
0.100051484402,0.0452731074409,0.0753170669108,0.0818469407922,0.162070681015,0.145773403964,0.257797605929,0.0569455192152,0.0749241903305
0.223438539813,0.0249327890964,0.0456264442738,0.299448662129,0.240853385065,0.0217638776959,0.0182178137505,0.037638077102,0.088080411074
0.124093123714,0.0956906040599,0.0623212433707,0.425103681738,0.0954273233677,0.0201646898503,0.0585992565979,0.0734683008038,0.0451317764983
0.190245478876,0.0473574350878,0.0466799261399,0.389241304469,0.0617824523731,0.0799081974154,0.0257291627513,0.06580383607,0.0932522068179
0.0515712619948,0.0242365376826,0.0809795700077,0.0987603432868,0.113156337484,0.0578706927342,0.461164896116,0.0553351824114,0.0569251782827
0.0779331540623,0.0168324251249,0.0359544150587,0.0300159673728,0.0624009395696,0.154084567486,0.523725692355,0.0499180893755,0.0491347495949
0.132965879082,0.187457048383,0.0883340265886,0.0619369110116,0.0252581720208,0.032227437403,0.179589428457,0.185061384364,0.107169712691
0.0779591009241,0.135128400525,0.50891697823,0.0197442226986,0.0603623891396,0.0372720013879,0.0356193760731,0.0672455703049,0.0577519607169
0.0446072987036,0.04096046498,0.036699182863,0.0538558078053,0.0494512489922,0.13530667063,0.521639648208,0.0277951465409,0.0896845312779
0.122308141482,0.0486333832827,0.0120578037337,0.0966998196444,0.476270891574,0.0356162219582,0.037380857368,0.0522792748797,0.118753606077
0.0233535171601,0.0229621506004,0.0450245488687,0.0268589380997,0.0441483797463,0.138876878577,0.397531398149,0.0508153577366,0.250428831062
0.109301754074,0.0437692132388,0.053188834598,0.0229108844934,0.0459231519488,0.0673410614948,0.500786430976,0.0434280228406,0.113350646335
0.148711526395,0.0544790643902,0.0693914776196,0.0525520340998,0.0498659843809,0.0805076792047,0.118782340773,0.277395460415,0.148314432721
0.195789562072,0.0579088225605,0.0834454594878,0.124416526692,0.373761685234,0.0446486379003,0.0267353903541,0.0367493191804,0.0565445965182
0.174077889291,0.150441155669,0.0517453942738,0.158534706548,0.0367755253037,0.0241135736411,0.0506881749865,0.107456584852,0.246166995435
0.0395671770075,0.0766439356279,0.0441656224178,0.0556353124611,0.123038853567,0.0972277865714,0.410102855326,0.0188473722935,0.134771084727
0.111465095705,0.0180072180362,0.0233101444673,0.0291322426674,0.253738670817,0.0389250880184,0.0980399964675,0.050401648385,0.376979895436
0.0958133560437,0.362590959587,0.11234292385,0.0529337572793,0.0190045436679,0.0103318104449,0.289924499563,0.0258463211926,0.0312118283716
0.0148075056908,0.0463050044643,0.0225780498853,0.0247133092012,0.0307258707018,0.108035540601,0.649439355525,0.0223067594921,0.0810886044377
0.156685043757,0.0758009859501,0.124709860729,0.296411457021,0.132385029675,0.0314820209318,0.0120131946365,0.0628150658192,0.107697341481
0.084957569774,0.165381659769,0.0566895864362,0.431254002932,0.0559703161668,0.0391146647995,0.0644164652897,0.0375805265505,0.0646352082815
0.0550016054759,0.0418958098887,0.031509568852,0.0364945802132,0.115929620088,0.0899563775995,0.531254511875,0.0291195722997,0.0688383537081
0.0346395735136,0.0286230518173,0.0487469782696,0.0189877959104,0.0451211107911,0.120424616376,0.56259366017,0.0281036534061,0.112759559746
0.134236286005,0.142692128049,0.0684233226947,0.196619086117,0.0918572966042,0.0363360568484,0.0585559159313,0.0375527003136,0.233727207437
0.0230739537651,0.0187684378518,0.0308629664549,0.0217992721447,0.129690298151,0.453703058286,0.0233123924893,0.0724383747437,0.226351246114
0.100650652297,0.0286940344312,0.0473648794278,0.0520179725963,0.0627247507046,0.0703141222076,0.0466937285657,0.467012921295,0.124526938475
0.0453853423193,0.048951646658,0.0383651210539,0.0623470892127,0.52205247213,0.0313543972854,0.0532362570667,0.0783163897858,0.119991284488
0.0362669556256,0.0136498706702,0.0328376812532,0.059535506792,0.0415574477974,0.107551680377,0.60331303261,0.051197013657,0.0540908112177
0.103960914192,0.0718188465999,0.0471957413782,0.476078466525,0.0630239399278,0.0138111556032,0.0426617270727,0.0389803976761,0.142468811026
0.0446262331871,0.209390565649,0.621373020198,0.0142498754206,0.0283071192899,0.0118644467889,0.0258335903196,0.0248052050648,0.0195499440828
0.0474188649343,0.500151634009,0.175548805863,0.037612213063,0.0854721435507,0.0235165696809,0.0527481878827,0.0510728775625,0.026458703454
0.11807172163,0.106900240446,0.628787842258,0.0238575927422,0.0362559627292,0.00939408087265,0.0329142394777,0.0241686548223,0.0196496650216
0.0742131465036,0.0868742009762,0.551619430516,0.0152910365752,0.0409507580423,0.0827165653675,0.0791879679299,0.0470053487669,0.0221415453227
0.101658127043,0.0284382494758,0.0691041442983,0.120404973052,0.448782944435,0.0451475515798,0.0346854101033,0.051680612854,0.100097987158
0.116951608043,0.0430764452885,0.0940738223156,0.113919204905,0.286576518568,0.0284255285448,0.112220720072,0.120695981125,0.0840601711382
0.124740003963,0.627055224129,0.0723907448214,0.0287713051063,0.015470265954,0.0186669692309,0.058240150586,0.0379466981622,0.0167186380466
0.190417719869,0.0392161121435,0.025961273124,0.16716544074,0.0869801307766,0.0513846040964,0.0913653855152,0.118432785304,0.229076548431
0.15063777519,0.0417754917901,0.0599726080907,0.0345941827065,0.0327166496066,0.13437303777,0.452083219701,0.0675551319308,0.0262919032138
0.0206391425705,0.0612158737723,0.0432953664791,0.061293285952,0.0436444063968,0.134753495586,0.423708023368,0.0207227851756,0.1907276207
0.083997422801,0.035241671903,0.0871941505475,0.0416117459797,0.0690357417346,0.042190403122,0.498297207988,0.0998354202279,0.0425962356958
0.0355846592986,0.0771498991529,0.0365676015544,0.0251588425278,0.106194804916,0.113092888288,0.431671420611,0.0499984258582,0.124581457793
0.0551032549782,0.0355034463604,0.0452663700868,0.0440349496035,0.0176099142834,0.0798115004389,0.555993170956,0.0368096832672,0.129867710026
0.230590122397,0.0770259589807,0.0734168110181,0.325637123141,0.0428951832878,0.0235634856456,0.145270017599,0.0518820611356,0.029719236795
0.0895588786951,0.0306165425461,0.0393512746552,0.0626515698316,0.0509825975689,0.133979067626,0.015996718607,0.484576130643,0.0922872198273
0.134508371099,0.0539242223131,0.0399598750778,0.0269797085929,0.128719000832,0.163161611317,0.0149483031835,0.334908316033,0.102890591552
0.0475880841799,0.0121546451311,0.0201455294521,0.019956889282,0.0290972016717,0.346724199795,0.092590590523,0.0908799364749,0.340862923491
0.0694019845316,0.0542291046608,0.108664076436,0.129459156469,0.0970930612946,0.0960288878768,0.157156372028,0.02596461416,0.262002742543
0.109339829495,0.0190661951606,0.0278440493968,0.00855763618032,0.133572219724,0.0410760924205,0.522665653436,0.030136152547,0.107742171639
0.0726078758728,0.0102314597923,0.081057503677,0.0173967193374,0.187922417363,0.0357239311632,0.00630529344877,0.37762660818,0.211128191166
0.162836093669,0.0943115390559,0.0864326467881,0.0827819520426,0.0521649550859,0.0159018342519,0.272031436114,0.175291723189,0.0582478198034
0.0456397885996,0.0266624718989,0.047953387325,0.0397793892659,0.032711045048,0.0656028173212,0.555579014468,0.0637540604399,0.122318025634
0.162965086974,0.0727324970832,0.0292575082418,0.433694442511,0.0650314267375,0.031362663041,0.0355304112772,0.0555332835923,0.113892680542
0.0196681940604,0.0315383589072,0.10309813954,0.0128828707573,0.0691827009699,0.051089981856,0.512920394224,0.0379890616711,0.161630298013
0.0603953157912,0.0255999870669,0.0300894263376,0.0834106724587,0.236455827271,0.0325718579795,0.055644370584,0.148661437419,0.327171105092
0.09064898735,0.0472925803576,0.0403182920107,0.0481153225577,0.0128670571129,0.0758652216942,0.563441338724,0.03612414559,0.0853270546028
0.0372539162998,0.0359962278219,0.0713901410771,0.0872557265872,0.548879953187,0.0590075866221,0.0434813675788,0.0211733056546,0.0955617751718
0.137655252962,0.0695692484637,0.0563144124001,0.0585792343503,0.221177081217,0.0277872873612,0.17819055559,0.0383097574887,0.212417170167
0.106631434693,0.0189170510478,0.0307971132941,0.0671046102716,0.0382283448267,0.0322544954929,0.018006473564,0.488513719207,0.199546757603
0.0880213723999,0.0424248400227,0.0966840972061,0.350004392214,0.173737284909,0.0378477141587,0.0581556280626,0.0460636794427,0.107060991584
0.105061326841,0.209934240317,0.564601750822,0.0136176154321,0.0145111222053,0.0116259640761,0.0108901348255,0.0438771988544,0.0258806466264
0.024504358062,0.0418756429242,0.0477887349281,0.0940486740191,0.0999866749162,0.100180700936,0.52708590765,0.0315360012218,0.0329933053427
0.270921632337,0.0212200997783,0.050957299362,0.0182386692357,0.0376783921511,0.0524335052578,0.0235457239695,0.407286850075,0.117717827833
0.0406306944705,0.0614338027453,0.0579542816217,0.0409460344539,0.587081039512,0.105905506759,0.028423367401,0.0366235172461,0.0410017557913
0.130670933319,0.105845368405,0.204593342278,0.313684599518,0.043485865008,0.0188612671167,0.0705757047485,0.0487947766604,0.0634881429467
0.050866730087,0.0111653955192,0.0197645104952,0.0178309832375,0.0696806396223,0.437277805683,0.102182360054,0.19264691606,0.098584659242
0.198587517878,0.0639850118871,0.0783520043368,0.11487656155,0.0949097677851,0.0989567193378,0.0798712377521,0.195157204796,0.0753039746771
0.0637649217627,0.0498803293858,0.0416998142745,0.0662184426903,0.130304542879,0.302921311649,0.269800055149,0.0208300901671,0.0545804920426
0.085962870468,0.0520149784741,0.0341873878294,0.0686054448031,0.0754405387495,0.0346056034445,0.0387037415086,0.507944252806,0.102535181917
0.0363998116788,0.0372300859613,0.040092119934,0.0149541479875,0.0517926339951,0.0904384742603,0.593947408481,0.0375680812982,0.0975772364043
0.137402898527,0.0784173508752,0.0708507241926,0.0438441047049,0.122468807627,0.0611878207991,0.378061657692,0.0212551679802,0.0865114676014
0.0311510913507,0.0369874036856,0.0812404189436,0.0352489318091,0.0831792843036,0.0952990952763,0.54190446641,0.0584771731941,0.0365121350274
0.15258488964,0.0375563618218,0.0336803837792,0.117868502635,0.450182854998,0.0403303579493,0.0261064396122,0.0574901063231,0.0842001032412
0.0620647119296,0.104393661543,0.432037038943,0.0675370509467,0.0690559061286,0.0240327071309,0.0887210093776,0.0424279222374,0.109729991762
0.126727683296,0.281746286335,0.292397518839,0.0585535408316,0.110451248501,0.0417987975245,0.0294237143963,0.0314469558126,0.0274542544636
0.0604861190438,0.0859927878529,0.0425802931574,0.0490963385328,0.104885056085,0.0787445016804,0.39255004805,0.063455301699,0.122209553898
0.0196681940604,0.0315383589072,0.10309813954,0.0128828707573,0.0691827009699,0.051089981856,0.512920394224,0.0379890616711,0.161630298013
0.263909833082,0.070229594896,0.0985868961214,0.0613176466342,0.183973748832,0.0177091142381,0.035400122371,0.19076063879,0.0781124050352
0.0352171382166,0.0116539166513,0.0365901661531,0.0227565888766,0.168298865181,0.566971538482,0.0155398596029,0.0825862080368,0.0603857187997
0.236373705937,0.105803390825,0.0599952935604,0.249079498838,0.0760808134168,0.0799042520517,0.0280210765896,0.0507406878426,0.114001280939
0.0463833680188,0.0330462707699,0.0313918987583,0.035012255546,0.0650988271964,0.131392894504,0.473165163984,0.0624228698671,0.122086451355
0.0156909277411,0.250811085057,0.454896199519,0.0436929974548,0.027426254485,0.0271784093728,0.0946190503943,0.0298753169274,0.055809759049
0.164100504929,0.068148169571,0.0398782489874,0.387296193852,0.0538624645036,0.0347755089888,0.0976413289982,0.0624209815541,0.0918765986163
0.0421237549292,0.146968346186,0.583568076554,0.0240068160696,0.0741203859882,0.0294649444565,0.0365270707937,0.0415158616186,0.021704743405
0.0484539944467,0.053747433132,0.0512325376855,0.0306763727934,0.02047568968,0.178177961016,0.527332380116,0.0540300428516,0.035873588279
0.147671330706,0.0229171617968,0.0188079590321,0.034610608296,0.0672966655449,0.0718951674583,0.0174742877457,0.441191615482,0.178135203939
0.0930650086917,0.15064427392,0.0483890045755,0.0563711228147,0.0657185112414,0.153585184897,0.321786959161,0.0280951741535,0.0823447605443
0.246662046211,0.156542396693,0.0492019071572,0.188698596823,0.135034291391,0.0274006083848,0.0275950870876,0.139265582777,0.0295994834752
0.035621106165,0.0340748485978,0.0479822017289,0.0107045800704,0.100017145661,0.568862047018,0.12939195689,0.0446297160416,0.0287163978274
0.0422393426538,0.0501095924933,0.0499982970352,0.0308666391498,0.0732611374894,0.0944327274372,0.566819053355,0.0281243461943,0.0641488641925
0.10056098258,0.160063685655,0.0942497731564,0.208514089898,0.117480187772,0.0929125299568,0.0325844339329,0.0963271406979,0.0973071763517
0.107945922907,0.615061110635,0.0719623305464,0.09019464067,0.0170146676485,0.0329466914691,0.0241156565042,0.0152066051552,0.0255523744648
0.0609553896423,0.0548627082571,0.030854352356,0.0888414977566,0.0976186382162,0.0707875946118,0.310690223645,0.0364956030194,0.248893992496
0.0738797699624,0.0657350838201,0.0425936573287,0.0310087414758,0.119530998837,0.0757971193454,0.332960789372,0.0876186885962,0.170875151263
0.021999473455,0.0265698803908,0.0159594421711,0.015419661634,0.0651204029897,0.638550616445,0.0706830456947,0.0489581066358,0.0967393705839
0.051199828429,0.0262018862663,0.102360962515,0.00786526267218,0.1344707676,0.174834793893,0.0223270559031,0.139741652384,0.340997790338
0.157501407399,0.0379109339959,0.0217739496121,0.0145659377184,0.093186979673,0.067643400145,0.410313955847,0.0518605569348,0.145242878675
0.0492980188867,0.0746481577075,0.0476469857408,0.0292095111747,0.0534204138349,0.139532160152,0.328802761381,0.121678548661,0.155763442461
0.231804854616,0.0913615340813,0.0414275693205,0.216993548971,0.200750913454,0.0236852118248,0.0319577702971,0.0559120386292,0.106106558806
0.112535094474,0.0565640610826,0.0634225250455,0.505163704566,0.170065470957,0.0167636074211,0.0135220244971,0.0193135803701,0.0426499315862
0.171265953459,0.046202220191,0.0698709032752,0.0323812657552,0.106755987582,0.112585913153,0.0795368172161,0.19364242334,0.187758516029
0.0715923012188,0.0991369744518,0.0427567181396,0.0786866134472,0.0415318395472,0.0313657039908,0.442594948084,0.0840540110503,0.10828089007
0.0465373476684,0.067631916408,0.0746600109085,0.0738287539612,0.168841844048,0.0767491876011,0.381715313899,0.045321598224,0.0647140272819
0.0296848498241,0.120750490331,0.541651463578,0.02243394897,0.172729199189,0.0110133079842,0.0524448055808,0.0210592437472,0.0282326907961
0.0607615707089,0.0271005954027,0.0466380042996,0.0286239289057,0.0823291463586,0.0890080774023,0.529187674108,0.0752441103529,0.0611068924615
0.0254278565775,0.0979326743219,0.633867098546,0.0132449140185,0.111546980385,0.0218471703481,0.0157250384861,0.0539524652743,0.0264558020424
0.149159451491,0.148968754772,0.147821000636,0.14965553325,0.057686174268,0.0208886473502,0.147312496108,0.146931415054,0.0315765270715
0.0437909153662,0.0766189019785,0.0638895195796,0.0634834130096,0.0626147668861,0.0395956037059,0.482552605379,0.0410295015302,0.126424772565
0.0900738354299,0.0186216811992,0.0393628268247,0.0442035018643,0.0479668704697,0.0854176089431,0.0577199597194,0.477812730209,0.13882098534
0.0772815446946,0.526637750186,0.0988870983991,0.133485448189,0.0720276129682,0.0113668815592,0.0256496282066,0.0389356933947,0.0157283424022
0.0307422033157,0.0969391514102,0.106417244449,0.100910799871,0.207408781097,0.034976891864,0.02821684537,0.107492757917,0.286895324706
0.0832123253621,0.17687484559,0.138011591959,0.0424202660067,0.385570153666,0.0851947295421,0.020818531852,0.034180262358,0.033717293664
0.15799821242,0.0496064846074,0.0589020811781,0.559750261986,0.0511523100841,0.0272594778393,0.0232885980215,0.0445082683762,0.0275343054869
0.177759337553,0.236494615239,0.0808973145682,0.216716975268,0.0446042680955,0.0198544620856,0.120135080654,0.0478728260581,0.0556651204783
0.0460945147726,0.0256306390068,0.0432420115007,0.0267677864645,0.0714706301183,0.060640290007,0.0269450101476,0.0706348780908,0.628574239892
0.0947855664878,0.053041567818,0.0650130108133,0.229880724912,0.10849662131,0.0878763382818,0.224931038027,0.0329142829689,0.103060849381
0.0358135536302,0.0434350802196,0.0341428359094,0.0192440645061,0.121284496799,0.128439022857,0.443067617796,0.145188034228,0.0293852940558
0.0347226425105,0.103428373662,0.680240101474,0.0122096876021,0.0593028885487,0.00707488177479,0.0212975125714,0.0626337326059,0.0190901792507
0.0358522715571,0.033421289523,0.0616525592568,0.0300050960572,0.0418982043016,0.0319049957223,0.639634080487,0.028290881558,0.0973406215366
0.0986852484622,0.0799143807198,0.028754902276,0.0776496744579,0.0866780621374,0.0546105231754,0.32445393933,0.0222795798516,0.22697368959
0.0761710035496,0.0320883733378,0.0533377644093,0.0217609596238,0.4387717592,0.0376736924689,0.0554362729083,0.0711934588557,0.213566715646
0.0798136479912,0.0947354157549,0.0849140152074,0.0318329843831,0.0815789513187,0.0650019572934,0.448328689725,0.0187412368612,0.0950531014652
0.207475093122,0.0187498207649,0.0320448836417,0.0524189324173,0.062421090573,0.493509121717,0.0146987347921,0.0858438040531,0.0328385189186
0.0536044546805,0.0478219400306,0.0722025743021,0.0333806321792,0.131583773089,0.220445350426,0.368620878741,0.0450399823493,0.0273004142023
0.154125639199,0.400959015717,0.0783834965624,0.0552314586679,0.0875377042286,0.0710207518694,0.0593083727636,0.0495137397941,0.0439198211979
0.0938551131187,0.0107845454214,0.0242960687535,0.0650338017952,0.370370622491,0.279264077534,0.0263209205374,0.0536779449452,0.0763969054042
0.0955608368262,0.0425272572396,0.0622246892879,0.0484821718292,0.285301642942,0.066858824144,0.120913046992,0.0645619395551,0.213569591185
0.0198945438057,0.0826604569746,0.720421433989,0.00830839561266,0.0489846052967,0.0109109165251,0.0236645741265,0.051879735279,0.0332753383909
0.0513617300033,0.0311758367702,0.0636114366254,0.0325528006182,0.168374400792,0.0869158396069,0.442547955884,0.0624480695717,0.0610119301276
0.0693884568668,0.0493717245363,0.0364279431462,0.0139030959841,0.0828003629677,0.0796347655967,0.61079917668,0.0330027092074,0.0246717650145
0.163319860385,0.0427288675198,0.0351878300102,0.0170909415377,0.0213897045696,0.118610857755,0.546349553679,0.01692105704,0.0384013275029
0.0560951322535,0.0579106764276,0.0462403654609,0.0380487515093,0.105011548367,0.082103327642,0.469080831891,0.0372552179769,0.108254148472
0.11183272447,0.0166552941455,0.026819059643,0.0633003914753,0.59422443734,0.0709670532418,0.0215438525038,0.0583540561932,0.0363031309876
0.0513800612015,0.0573750016493,0.0554106443215,0.0975608544392,0.0440746920665,0.0681579545094,0.454685742234,0.0632063962893,0.10814865329
0.0552354744999,0.104505081436,0.479670587367,0.200934212077,0.0495660111789,0.0218427729982,0.0275875309958,0.0446403831989,0.0160179462485
0.0272096595196,0.0488144115795,0.0533943332915,0.0622030521215,0.104812002217,0.0720332990306,0.461207131887,0.0229965389204,0.147329571433
0.1929329164,0.238948751948,0.0783834294237,0.265389208346,0.0327325843198,0.0272426411677,0.0897999989614,0.0553021300881,0.0192683393459
0.0517274328756,0.032538705911,0.102582413153,0.0827393127615,0.0262570085411,0.0613955832426,0.512720011978,0.0562094416387,0.0738300898992
0.308617334419,0.0622036764945,0.100679842976,0.0862834210281,0.206387361932,0.0353321101574,0.0922879279129,0.0524929892411,0.0557153358393
0.0664487915732,0.0467419049946,0.0526284166325,0.0674358174349,0.0196944575365,0.0316201230537,0.623383667306,0.0128774019185,0.0791694195502
0.0265348580588,0.0330273919811,0.0417730315291,0.0514389529393,0.192189269043,0.040634046837,0.438941065226,0.0525782797574,0.122883104628
0.0289205593081,0.183690246692,0.52941537195,0.0216981574447,0.050329105044,0.0145515177776,0.0394728193006,0.0313154493469,0.100606773136
0.343071069746,0.103513907559,0.0857185254118,0.0797327423644,0.191873973909,0.0650850366926,0.0374436800851,0.0618759629045,0.0316851013269
0.0357322677873,0.057751459767,0.0830722764479,0.05158324572,0.300366347258,0.0622045281288,0.29177644513,0.0617110589024,0.0558023708589
0.105496718267,0.0295916206091,0.034904535459,0.0989565013269,0.0469041747594,0.0749770956131,0.0203884887327,0.494945076436,0.0938357887969
0.034532291036,0.0909487941849,0.643946965526,0.0153704623266,0.0661467874784,0.0269525972447,0.0273094880809,0.0679821489186,0.0268104652041
0.0689108075676,0.0420926242913,0.0309117763869,0.0126948427737,0.0234065140894,0.0358358714624,0.6731282236,0.0282787814282,0.0847405584009
0.0551032549782,0.0355034463604,0.0452663700868,0.0440349496035,0.0176099142834,0.0798115004389,0.555993170956,0.0368096832672,0.129867710026
0.0614124935971,0.0206884547004,0.0459870356327,0.0355828743331,0.0557147480778,0.174547586183,0.338915534947,0.0392522654327,0.227899007096
0.104715929662,0.0583796655115,0.101084025014,0.0679841724948,0.0344956132005,0.177822178776,0.0937158936653,0.314636682395,0.0471658392815
0.061928237244,0.0361598869434,0.0810469338015,0.0176320905871,0.186574358785,0.372863361412,0.0903868481594,0.0576855167492,0.0957227663184
0.0680745167894,0.0429200070489,0.0337131730373,0.0331493171942,0.00941620974199,0.149804792526,0.546592794802,0.0203092079587,0.0960199809017
0.0615525495288,0.0597563004094,0.0424332221526,0.0201782232585,0.122364390206,0.136282926457,0.439214207559,0.0352641886728,0.0829539917564
0.088153065624,0.0518432009799,0.0365626681346,0.0456526754035,0.0719214741172,0.0673107867324,0.203787371798,0.0833918564799,0.351376900731
0.0224590215218,0.158174374235,0.631276387191,0.0160404424666,0.0508774274166,0.0176233289332,0.0342690337317,0.0307903823968,0.0384896021067
0.108816358732,0.0276015555246,0.0387384596445,0.0247327717225,0.597384170767,0.044986338994,0.021316515982,0.06478938632,0.0716344423135
0.0863393692006,0.0491443909701,0.0406640724797,0.0494691393826,0.248160424443,0.176002545865,0.12146343668,0.180892417272,0.0478642037069
0.0488559794815,0.0205636523532,0.060683183562,0.0292642562307,0.102917108727,0.0831072874647,0.50461233338,0.0404128927189,0.109583306083
0.113920211868,0.0419476516314,0.0353921179309,0.0169691832351,0.0692919413449,0.200150799895,0.442751161954,0.0214970197551,0.058079912385
0.109798614516,0.0576158855855,0.0648092675831,0.0914299636157,0.211262715164,0.104858220442,0.183403313111,0.024268951133,0.15255306885
0.173749518231,0.535716432835,0.0648092854041,0.0523608632252,0.0133281248432,0.0201923355589,0.0902203090531,0.0302580168607,0.0193651139885
0.0734478857727,0.063236462151,0.048387739197,0.0534555554109,0.125391866192,0.160656242909,0.259944114933,0.0342661925476,0.181213940887
0.0302550213813,0.0543132466281,0.0372648478382,0.0190226083457,0.0727760013746,0.108143613352,0.590060150379,0.0286477576483,0.0595167530529
0.260870923738,0.0891374025998,0.0522625143325,0.158208398693,0.0615035730991,0.0827022729786,0.0749850373144,0.209274761189,0.0110551160547
0.212489938105,0.114878481153,0.100543523306,0.0906298217473,0.110303315816,0.0303777144886,0.0194202102632,0.212779239479,0.108577755641
0.170371091695,0.0648154229196,0.0700150644807,0.463288683927,0.0686923219057,0.0319892485306,0.0344089446931,0.0550851400073,0.0413340818408
0.075140173932,0.0450809232688,0.0696021394524,0.0532398695729,0.570354915375,0.0416519616059,0.0242000096327,0.0352391513642,0.0854908557962
0.0536215853564,0.0425013996411,0.0375228588697,0.0297863997108,0.0319276117196,0.0148453246612,0.68726137519,0.0327118646572,0.0698215801942
0.21347933764,0.0564382230033,0.0675541681835,0.315371479128,0.0778963792526,0.0173038107817,0.057870160836,0.0684166762721,0.125669764903
0.0249680558412,0.026107896711,0.0665815674272,0.00953368431544,0.0602843905123,0.428911945073,0.219371295372,0.0989236776733,0.0653174870743
0.0225919624257,0.00840055248809,0.0216730828786,0.0176310244213,0.150809253389,0.488150725393,0.0410629778587,0.132325308707,0.117355112439
0.0321936309379,0.0564561147016,0.0458083948452,0.0451330896397,0.178263941318,0.065600433037,0.290574577679,0.0468064959341,0.239163321908
0.147139435715,0.558691244975,0.1300161112,0.0234132899319,0.00689128704686,0.0180796243485,0.0794491808567,0.0305266914116,0.00579313451319
0.018824037732,0.123366113224,0.644054342676,0.0216056741594,0.0764066090705,0.0115181757923,0.0412970644048,0.0376717811362,0.0252562018055
0.0463503813319,0.0592159549208,0.0531066010069,0.0553931149007,0.0435426496923,0.104337842044,0.53189381955,0.0500305508179,0.056129085735
0.026877727593,0.034079887275,0.0657612827422,0.0359147307532,0.0159213082958,0.111670045441,0.62260347312,0.0321660294745,0.0550055153046
0.095742825223,0.0695704921438,0.0425146124703,0.191105774448,0.105256548761,0.0312838240702,0.0744852066572,0.0516712983913,0.338369417835
0.1025853032,0.0340107588351,0.0345587297701,0.0470386161343,0.0192999805293,0.0751524662061,0.58792899156,0.0254813804913,0.0739437732739
0.0921591936986,0.0477693378581,0.0589919593237,0.0693046528474,0.414647277232,0.162572513272,0.0354762963591,0.0385033853504,0.0805753840594
0.136644350043,0.0526024722118,0.0692275983054,0.384715756686,0.127220634309,0.031915263262,0.0249210185289,0.0563703904513,0.116382516203
0.0318343141647,0.0544368520083,0.057715232666,0.0217373507971,0.0889517393395,0.187858533012,0.430216010385,0.0362448557385,0.0910051118883
0.114372066726,0.0466803904369,0.0489081359567,0.0443867653845,0.42322444111,0.13821546453,0.0368935496918,0.0462812055381,0.101037980626
0.125696084614,0.129169688744,0.0808762370487,0.0495896653726,0.237577656189,0.0390301938753,0.199575474453,0.0415306719012,0.0969543278023
0.185593595297,0.0279358836158,0.0232400584263,0.0337551935059,0.422396088798,0.0292012044229,0.0266445217118,0.0837930174579,0.167440436765
0.0134161866872,0.0282672087323,0.0460300100934,0.0212003274613,0.0622428693138,0.105025636855,0.635974079315,0.0329068021335,0.0549368794083
0.11017638926,0.542250874507,0.126430139487,0.069535248301,0.0181873613941,0.0243698472056,0.0443794357189,0.0430040027679,0.0216667013585
0.0811349979559,0.224158936272,0.0996127014866,0.115560707156,0.0464570040879,0.0160076279029,0.153357321766,0.0522848742044,0.211425829169
0.128775111357,0.0307495899468,0.0610505387382,0.0307073898678,0.434352433969,0.11447958701,0.0722283126085,0.0796786500366,0.0479783864661
0.273460231433,0.0406887571056,0.0791895328726,0.135617224507,0.0995880182436,0.107672983871,0.0969131870244,0.120221798294,0.0466482666491
0.0991407595218,0.0286092365934,0.0635172684605,0.0634394447724,0.526140962389,0.0406507322482,0.0439511458904,0.0516332644947,0.0829171856297
0.0130473552146,0.0520454141879,0.0430138178056,0.0440265474188,0.101372340227,0.11441541574,0.51723153309,0.0191047030711,0.0957428732446
0.0492086556987,0.071944695055,0.0569661209711,0.0345368289571,0.0236144401814,0.0838553498543,0.586449826794,0.0516447314928,0.041779350996
0.0998369782581,0.0325545734077,0.0625295278269,0.0411361482094,0.533688971592,0.1156225906,0.0512190292169,0.0270291862356,0.0363829946541
0.14316165242,0.0566028243514,0.0503291687884,0.0479318999143,0.457991750144,0.0368554039301,0.0364124776055,0.0685484888926,0.102166333954
0.176833515078,0.149058228164,0.12576834681,0.236519367005,0.0813830161789,0.0131590117935,0.0766651977208,0.090785769087,0.0498275481634
0.118106903669,0.0603128599698,0.107709257742,0.163171125581,0.0605593475623,0.0347231270989,0.18098871588,0.173679692861,0.100748969636
0.351858781783,0.168024851588,0.110939416481,0.131114553224,0.0860246516832,0.0161183816764,0.0612457237694,0.0511351268066,0.0235385129884
0.0261400875768,0.0104652482757,0.0273725311941,0.0401300345879,0.0621671042886,0.333380316991,0.0485604839863,0.194287358733,0.257496834367
0.0224498641823,0.114730904624,0.0569173010822,0.0840503450518,0.0755717981184,0.0449752060398,0.488043699843,0.0298675232082,0.0833933578504
0.0266052444986,0.0190907779691,0.0325161878681,0.019385235321,0.0354013368164,0.096928252873,0.644827959832,0.0221235632757,0.103121441546
0.0221241115388,0.0520693623596,0.0659357494661,0.111661980761,0.475688206503,0.0650386198724,0.0368232496384,0.0647668976105,0.10589182225
0.0777816377549,0.0965158743447,0.0576255308497,0.0520100218532,0.544144127371,0.0501747492842,0.0365775431171,0.0449282195809,0.0402422958447
0.0782237422919,0.0266013317501,0.0362024402201,0.0244989440868,0.0525743931482,0.200950394734,0.0489045062535,0.461438861137,0.0706053863779
0.0146568928599,0.0411872770317,0.0982338413654,0.0159664450514,0.0920684629059,0.0750558918081,0.598024350961,0.0321023532678,0.0327044847484
0.068616985316,0.511629101297,0.221787894498,0.0531015548212,0.0404679938621,0.0179813390901,0.0325902350849,0.0242129505257,0.0296119455048
0.102416231229,0.0758099322266,0.0531930334918,0.0600561716713,0.141537103668,0.105178677452,0.271620495732,0.0548424804867,0.135345874042
0.105340129963,0.0545269315891,0.0494895008303,0.0207944378388,0.168002395752,0.121286844816,0.370642224755,0.028823686666,0.0810938477907
0.0749564895872,0.0409226480167,0.0567582873653,0.0330178478349,0.0436277929507,0.0688151118589,0.58592537126,0.0298722021496,0.066104248977
0.0782237422919,0.0266013317501,0.0362024402201,0.0244989440868,0.0525743931482,0.200950394734,0.0489045062535,0.461438861137,0.0706053863779
0.0544047913225,0.0546147737114,0.0277990611727,0.0784066232526,0.11510781619,0.0627436403501,0.528438615608,0.0363161081637,0.0421685702286
0.266346969028,0.112283718765,0.0429071118251,0.0814985352598,0.227710365408,0.0208600545361,0.0703745589644,0.0812606034621,0.0967580827518
0.0409560984121,0.0245140727226,0.0716765797167,0.0712417950255,0.583067486997,0.110395992395,0.0341208146169,0.0339958701725,0.0300312899408
0.0247384679767,0.0792394860378,0.606162865509,0.0196167717168,0.0939385219626,0.0180127030204,0.0691416607704,0.0261057512051,0.0630437718015
0.0772992148745,0.460406939164,0.141050468029,0.0868677098384,0.0653260906614,0.0229944478888,0.0533922437359,0.0302569044992,0.0624059813086
0.291974941641,0.0506056320309,0.0440488830805,0.0669623972399,0.0991025302694,0.113037921914,0.0400033859317,0.125056781703,0.16920752619
0.195491405032,0.0540369111686,0.0800004871422,0.260090999427,0.0841307017602,0.0424978252856,0.0872992386934,0.156022727579,0.0404297039122
0.0327568866913,0.0272662002038,0.0389177003461,0.0582929082934,0.0555260328405,0.0868818419059,0.600747946798,0.036927537165,0.0626829457558
0.0392667579671,0.041505890403,0.0494703716111,0.0372320866928,0.104688602329,0.181755191571,0.476947960837,0.0210759647556,0.0480571738343
0.0426039897195,0.0600259874918,0.0444028249285,0.0589272723603,0.148470145576,0.0784600679143,0.432142404349,0.0188125067146,0.116154800946
0.114115277748,0.0494973928295,0.0246295833121,0.0641002072337,0.0260713589475,0.166606237837,0.0559750123639,0.470947522011,0.0280574077167
0.0451768050864,0.0530066261292,0.0617215386783,0.0193385631691,0.0175588931971,0.058862799347,0.629389410675,0.0284365020001,0.0865088617182
0.0275158806587,0.0485745531491,0.042508001582,0.0230353127507,0.141617454659,0.0869317750636,0.467367353483,0.0328606413066,0.129589027348
0.0583919043173,0.611064161759,0.120030073814,0.0639585440117,0.0290757682197,0.00876653976251,0.0583657292583,0.0256418067783,0.0247054720787
0.0950167497575,0.0387020124166,0.0505717262386,0.0347512042602,0.124822101513,0.175757289895,0.319102289358,0.0373575783074,0.123919048253
0.0368347072707,0.0523168739395,0.053038519528,0.0278158418049,0.0951828723706,0.201356049331,0.402928597422,0.0304976719332,0.1000288664
0.0680701243537,0.0256342781728,0.0506061711563,0.0491137924746,0.0463383564228,0.0665126124506,0.596653415876,0.0521119013892,0.0449593477039
0.0574257170247,0.0371995009495,0.0417297203118,0.0154141451979,0.04132929862,0.0979058047441,0.58174142935,0.036247733764,0.0910066500377
0.043502263769,0.550471908567,0.191305095343,0.0696966944707,0.0347813625516,0.00905598215523,0.0347046404163,0.0391977433057,0.0272843094215
0.202939865912,0.0548495549467,0.0857414150695,0.441032061328,0.0358444037289,0.0171807983466,0.039715726197,0.0938343063537,0.0288618681171
0.183879443188,0.0341840790446,0.037418515358,0.0354707018318,0.0376021370539,0.0485209397741,0.452020421524,0.113933071778,0.0569706904474
0.129699009976,0.279717221551,0.162471565186,0.231926682212,0.0154855533196,0.0364504976045,0.0670268742704,0.0387491431272,0.0384734527534
0.058488163826,0.0962853657786,0.179989862648,0.202880025598,0.0240085437187,0.01620175124,0.300148017394,0.0609746154704,0.061023654326
0.0651524002634,0.0506457081766,0.0826878093545,0.193696652293,0.0728688113351,0.0787655518429,0.341785318853,0.0201493478064,0.094248400075
0.0693761144476,0.096244841054,0.0709895191266,0.0516756742409,0.0499946390151,0.0825529898187,0.491852270705,0.0393565543937,0.0479573971987
0.0618489731103,0.0658170918324,0.0353290854448,0.0595750811387,0.116542417332,0.0805351872833,0.413890280392,0.0357991734855,0.130662709981
0.112983720121,0.0720553807534,0.0390956542919,0.0308667586486,0.0570180147183,0.10047107551,0.465005613199,0.0813908426333,0.0411129401248
0.0266415106321,0.0284038847196,0.0378668596737,0.0546194318273,0.0886170471701,0.111167261686,0.568930531243,0.0347796518668,0.0489738211819
0.0718360759321,0.0473486411638,0.0570434052924,0.0583182043923,0.0574448149898,0.250432663934,0.389152682679,0.0274552470979,0.0409682645179
0.110591811304,0.0464377539925,0.0785767165518,0.0247064323054,0.11102307362,0.135509827719,0.301127896426,0.101797343775,0.0902291443058
0.0789001410515,0.0226540307364,0.0364821847686,0.100426290091,0.380426610655,0.151881279517,0.0776950500879,0.104991999496,0.0465424135963
0.228166212981,0.0426947426757,0.0382170768641,0.109540121955,0.177798356111,0.0761370069095,0.163827339199,0.0540034854679,0.109615657835
0.0870742333784,0.0361076425845,0.0387894358475,0.0495790046635,0.343500804502,0.0371402334597,0.0248169789442,0.0817507809615,0.301240885659
0.0743644118159,0.0266562437451,0.0243738288763,0.015500741832,0.0450567352804,0.175464028116,0.155821614424,0.111928261045,0.370834134866
0.0201072079229,0.0453844469421,0.0439286507483,0.0378922044297,0.0766611441838,0.18400455128,0.493293877959,0.0499995312349,0.048728385299
0.0438789356738,0.0633927436464,0.222891435908,0.0177200518294,0.227442455709,0.0600392668605,0.143476218263,0.133230295753,0.0879285963569
0.0429280563756,0.0349533090156,0.0500580705864,0.0441695715515,0.0559530813595,0.142721977728,0.551104799985,0.0307786760194,0.0473324573793
0.0603264968452,0.023805424639,0.0589793642767,0.0158033361139,0.033625613307,0.0403043495205,0.631102061903,0.0310346501632,0.105018703232
0.038443118878,0.0419540625738,0.0402257465571,0.0228334287242,0.0324091729576,0.0376488131497,0.60352010274,0.0316879033471,0.151277651073
0.219373744988,0.042265909997,0.0265837908328,0.0233462212834,0.0336834469929,0.126168830932,0.0252520217357,0.327125528079,0.176200505159
0.0679545197624,0.0831399426599,0.0480863292144,0.0554707512626,0.135867302264,0.11150321479,0.441689525931,0.0239290480612,0.0323593660548
0.0799341687039,0.186859472974,0.253216359827,0.0493779171563,0.0164069558723,0.0159372128244,0.274381368207,0.107103299643,0.0167832447925
0.0244470047767,0.0282552397292,0.0373169025876,0.0178277151183,0.100606255566,0.14329321468,0.54183378938,0.0274558278202,0.0789640503423
0.116951608043,0.0430764452885,0.0940738223156,0.113919204905,0.286576518568,0.0284255285448,0.112220720072,0.120695981125,0.0840601711382
0.219869625331,0.133656064179,0.0503570303643,0.331880824138,0.100057432816,0.0705413776641,0.0155325812683,0.0461061593574,0.031998904882
0.0228851680295,0.0925132688447,0.634101814448,0.0443974478702,0.0634225396196,0.0291027248865,0.0521878978229,0.0407582370126,0.0206309014662
0.130594995205,0.0657835915706,0.0695860667058,0.470773968611,0.117310764617,0.017060200033,0.0358170934088,0.0610858093157,0.0319875105325
0.0810187348254,0.0216675221597,0.0454666244004,0.0321675203359,0.161723377852,0.30439501777,0.0469692428107,0.100536495171,0.206055464676
0.0477035721333,0.0603419285638,0.0555112612803,0.0219887644674,0.0250105684247,0.0466407042889,0.611595819587,0.0486122220662,0.082595159188
0.212052793253,0.0835747008292,0.138871703881,0.0845145171695,0.1408385585,0.0671953227174,0.0339541992226,0.151284154897,0.0877140495301
0.0437635716192,0.0248915216964,0.0541214613086,0.0198966031335,0.180313635352,0.0810838002665,0.0765723984752,0.0525239248904,0.466833083258
0.0749714820944,0.0471130901101,0.0373021673904,0.0412830202492,0.0787829919107,0.109608578016,0.380055709128,0.0448487517816,0.186034209319
0.112652240425,0.0718125915341,0.0463970248552,0.11676366568,0.231517303473,0.0663804176755,0.0332454623737,0.189588855135,0.131642438848
0.0263048743669,0.120901550778,0.584332542414,0.0269862633823,0.11289449738,0.0303905498464,0.0385313189885,0.0389722682853,0.0206861345579
0.026187595795,0.0438203892494,0.0386457203116,0.0280868201575,0.147426886312,0.0974441645978,0.547529401512,0.044879547766,0.025979474299
0.165761305554,0.0343632995808,0.0416655816413,0.0547227264643,0.407853083255,0.0983573754621,0.0336992693128,0.0711979308363,0.092379427893
0.175239621368,0.0456665092646,0.0338527995897,0.024663400762,0.213888786711,0.0585452486016,0.276585132307,0.0828312858899,0.0887272155066
0.018824037732,0.123366113224,0.644054342676,0.0216056741594,0.0764066090705,0.0115181757923,0.0412970644048,0.0376717811362,0.0252562018055
0.122175595445,0.334658952242,0.132803896305,0.0331656621568,0.0340781411014,0.0665899903808,0.0671776348153,0.181256472283,0.0280936552709
0.0963930764987,0.0461431285885,0.0390985741352,0.037199234192,0.0459689650211,0.0978190675414,0.518893319096,0.0423742601105,0.0761103748169
0.0787635707135,0.0147203964697,0.0310098221725,0.0194524350655,0.402850838106,0.123748694416,0.115406552475,0.071082531792,0.142965158789
0.178059229192,0.130254486059,0.0689921987835,0.334603839202,0.115397442163,0.0617855460174,0.0155429573618,0.0541892809206,0.0411750203016
0.0471608057465,0.0361105746371,0.0702590289296,0.0206955846318,0.0481414130835,0.111241973497,0.49705422863,0.0342927898971,0.135043600947
0.0464206943512,0.020984932839,0.0419328188464,0.0270411058461,0.113587274205,0.0822446794866,0.593832308336,0.0293767947957,0.044579391294
0.0349820057133,0.0251134731886,0.0542402834106,0.0299376068238,0.0173481768876,0.0650618572256,0.706555008501,0.0146645584385,0.0520970298112
0.0359039267806,0.0169401018683,0.568201449776,0.136009154066,0.0978400554785,0.0056849195006,0.0418357341752,0.0664736611589,0.0311109971954
0.0233650156222,0.016937620969,0.0312386399135,0.0566739313226,0.0653849333669,0.102205266837,0.054823833698,0.0935727033654,0.555798054905
0.0684489800816,0.0322254335817,0.0514837094365,0.040919545303,0.0175620566644,0.107683301532,0.603081560208,0.0209976816674,0.0575977315248
0.0298762233978,0.0212061446979,0.0458537295609,0.0362501550656,0.038945869995,0.119536666579,0.621910625834,0.0398803414206,0.0465402434488
0.0691514753587,0.0580687923175,0.0230568509339,0.0256543392585,0.112151895306,0.0350895758271,0.534081380337,0.0345000141424,0.108245676519
0.0465430512205,0.0345572985663,0.0513627599295,0.0244030436329,0.147174826098,0.0952981772942,0.454395427038,0.0323781505075,0.113887265713
0.161632504151,0.0447162895821,0.0684536133583,0.139165100213,0.390686972262,0.0371495726349,0.0328254908518,0.101735887869,0.0236345690775
0.0348216916669,0.03207481476,0.0484068870016,0.0273219265253,0.0348101147508,0.115338096785,0.0260418396056,0.595023722765,0.0861609061392
0.15082931295,0.109967448855,0.0467983278783,0.249588489882,0.131501805714,0.0269504463572,0.033861346962,0.0751872108175,0.175315610584
0.162955697092,0.0687100983007,0.0443940573188,0.102474002587,0.330016070662,0.0870049194938,0.0441655394001,0.0297357385542,0.130543876591
0.0775840768093,0.0885861762876,0.626096901771,0.0193720002342,0.0528057945391,0.0150328255878,0.0251121751493,0.0439338359217,0.0514762137003
0.0288205331905,0.0423288088745,0.0417429191356,0.0561192188307,0.04665585058,0.062177187215,0.648041035077,0.0206927351601,0.0534217119367
0.0697601617795,0.0600475015532,0.291848679894,0.0516736756524,0.277899514514,0.0052944441353,0.00591800545881,0.189622190012,0.0479358270011
0.252753742572,0.0459844313094,0.117944728016,0.0693148248692,0.0504214546966,0.0793930485728,0.24565157222,0.116478530887,0.0220576668567
0.127538637818,0.0675853466265,0.0548938080441,0.0444450735554,0.023019371781,0.180852543177,0.0927869950881,0.323172118822,0.0857061050885
0.0467548972206,0.0210357791464,0.0383514158836,0.00537724096615,0.0373237342976,0.143399461185,0.54303157832,0.0408190130239,0.123906879957
0.0813118776482,0.0249908839282,0.0386047738481,0.0212748700095,0.0326770546733,0.0605468576476,0.0275575607985,0.624709623235,0.0883264982118
0.0918683461795,0.0256093550519,0.0520543511269,0.0702025830576,0.274286562522,0.0613251349026,0.0178060649596,0.161955417554,0.244892184646
0.090767520354,0.0978323298948,0.677934613454,0.0150862568171,0.0126871515728,0.00685392138596,0.0232871572947,0.0570518885483,0.018499160678
0.0782075370681,0.0685044341975,0.0991206962843,0.0919512428425,0.135656303342,0.119070049037,0.231156179895,0.0374953080772,0.138838249257
