0.09844548250299312,0.11500019377837727,0.009892393226554441,0.11074470218801034,0.11071918827390191,0.11736324954825987,0.0804487302438439,0.20128987316968808,0.15609618706837106
0.10262966952540566,0.12661433419990623,0.08184149737458209,0.12446387827678669,0.12530016544251732,0.11425366475825792,0.11078992193803906,0.0717962424041071,0.14231062608039796
0.14659458724030403,0.08139425140171783,0.4296878865503644,0.06889002274897574,0.09166669377313792,0.05071560449327666,0.10608345652509425,0.0044661474999861455,0.02050134976714305
0.10019863165704702,0.08478010416560276,0.3651922162845096,0.08318413278417007,0.09926674617227838,0.09052408232620102,0.10196469835530624,0.016011621686152444,0.05887776656873245
0.10572680307955355,0.11912715888541275,0.13189661958239549,0.12232453720710527,0.11537813901075272,0.08778144646074006,0.13500644930538408,0.05908524719029943,0.12367359927835664
0.12105885588705412,0.08597715740041072,0.3129473396224278,0.08151293665751574,0.11072320780025648,0.10068070418027358,0.10877144938924688,0.021839330666923933,0.05648901839589066
0.10522640213618019,0.12637180272084372,0.034919252920389936,0.12344027040348775,0.1183561280002745,0.10879607991879807,0.1028543920908944,0.1195825736833855,0.16045309812574593
0.09899332141277269,0.09822112134573698,0.281848958765184,0.09885805352447873,0.1105680942335715,0.10205260550178952,0.10774208309637072,0.024728628752209787,0.07698713336788614
0.09863897792051697,0.10609992521309486,0.2345983879815272,0.10720630461971548,0.11622424381447076,0.10638709932060958,0.11064401874143327,0.03077773074012712,0.0894233116485048
0.11898247606048952,0.09339833374458067,0.25920361433747097,0.09148680051815182,0.11698093785612951,0.11203979402098481,0.11056786683061111,0.029441207800387097,0.06789896883119445
0.09929616032653667,0.10756834018956717,0.22342774942686228,0.10880098558670431,0.11756574963312398,0.10784167896290636,0.11102020462495388,0.03252188583056903,0.09195724541877633
0.10741238881970322,0.11666402713409912,0.12968414369885692,0.11932508956509068,0.1277371545483532,0.12330082411080935,0.11093963385901189,0.05407411893635761,0.11086261932771808
0.1019967566163748,0.12625591812247577,0.09382825755480477,0.12404926094755293,0.12231870549653012,0.10453016443851154,0.11721265113783802,0.06722100242621973,0.14258728325969228
0.11966531926870351,0.0876216632996691,0.0020473420024795363,0.1106011662667391,0.08220836735344132,0.06402957615360709,0.08702848796582026,0.3681924427957095,0.0786056348938306
0.106466749995538,0.12356280042281524,0.07203833482776373,0.1240104982894234,0.1286158192792035,0.12574846941719045,0.10680682785321303,0.07874109969827577,0.13400940021657684
0.10857352059957859,0.11616060384048277,0.12702319172998686,0.11914794151738543,0.12826300842505248,0.12490126989660559,0.11079771282795765,0.05527703663503108,0.10985571452791959
0.13466146435825077,0.10023245313199071,0.14054614891098136,0.09761396338828321,0.13654940514525868,0.13561614900487756,0.1235668567179204,0.05560429155186449,0.07560926779057293
0.10363434137534656,0.12488204836278327,0.025840270126497266,0.12106210663906229,0.11722114612100747,0.11284066836113239,0.0961772203411193,0.13641216642209744,0.16193003225095412
0.1121443283393254,0.10224922142964578,0.018087511233466413,0.10812702682950215,0.13271868610753154,0.1478472902460299,0.09681203082513153,0.16610399827401676,0.11590990671535047
0.10949314830540514,0.11818049117329939,0.10358825217418334,0.12116299953316105,0.12978879939584873,0.12808198571255394,0.10973732015590848,0.06394344007076257,0.11602356347887743
0.15284337882024016,0.08723987561650952,0.4289905588327363,0.07171666582204454,0.08924239437207714,0.04377810073956468,0.10546152351294912,0.0031257650162389637,0.017601737267639618
0.10271996052301093,0.12366000103074444,0.02398195346187886,0.11979864257068744,0.11913621351657748,0.1200693157154311,0.0930681287339052,0.13925913969481715,0.15830664475294753
0.10133665971751431,0.12474924554836435,0.105256208724179,0.1231735038714012,0.12510580723642048,0.11245769616246241,0.1130991510980665,0.0606274917739269,0.13419423586766488
0.10763795819663931,0.1192826599683387,0.10714514717343805,0.12159470530184298,0.1289378000512851,0.1252784749274871,0.11001509439280244,0.06180406869679317,0.11830409129137315
0.10747198495070209,0.11997000859023806,0.10222930272552992,0.12207902895333654,0.12903444266833666,0.1253954584010354,0.10972825669785095,0.06368953153823798,0.12040198547473245
0.11883683118993281,0.08958162448167077,0.2891554389410464,0.08653704043601555,0.11318841887281728,0.10607253236792709,0.1091408776202455,0.02508939218297236,0.06239784390737226
0.10660104428800961,0.12684717812548318,0.05399733482788391,0.12542671673150785,0.11965597073250411,0.10351039718972233,0.11278012110066211,0.09709343695282531,0.15408780005140157
0.11381559807861234,0.10992865847105075,0.1485351366410661,0.11344323876009443,0.1279750781976501,0.12762424552392457,0.11158897271086081,0.05066462276882841,0.09642444884791247
0.11396167562017277,0.11227397175250901,0.1275123153723556,0.1161873586580008,0.12976138936084722,0.1303323298395571,0.11127013359111425,0.05688560586139845,0.1018152199440449
0.1026481087550804,0.11784382995090231,0.012692643023434313,0.11510768289289713,0.10881047298871681,0.10659287085947011,0.08691820346905481,0.18885368586928156,0.16053250219116258
0.11342874849524642,0.11182190747518833,0.13472183113604566,0.1155963957033096,0.12905422971986247,0.1289978343119702,0.11133998476253759,0.05447640129574407,0.10056266710009563
0.10752039289514621,0.12633605854401717,0.04747889558281374,0.12530891942114264,0.1185939021248917,0.10284827664812156,0.11152799423864557,0.10503175179468553,0.15535380875053587
0.08578861874210819,0.09850031469796128,0.31650009757836456,0.09732018735333574,0.10435920134670996,0.0887531001209093,0.11141044291789848,0.01948045752205648,0.07788757972065607
0.1063538152994089,0.12470079830865384,0.028849030066730813,0.12263733681222301,0.11580379900890349,0.10587049056151727,0.10144207638221864,0.13345560609409754,0.16088704746624657
0.10223087615485883,0.12030649696531859,0.1309489221146242,0.12073525324627854,0.12565701980927543,0.11573240530023987,0.11237420300713243,0.05208485222037202,0.11992997118190009
0.11107042454575904,0.11766183342803867,0.017314607458813875,0.12031652840484597,0.10801597698861602,0.0962103522755206,0.09907594335663124,0.17735789778055555,0.15297643576121894
0.13091619097323218,0.09024722366845138,0.2581531638257031,0.08444164611140241,0.12113279192692306,0.11035712043880641,0.11711595337872965,0.0290965730593003,0.058539336617451566
0.11541098275363815,0.10340993281633183,0.19309913290067296,0.10531558983418556,0.12384005712241171,0.12250218340366592,0.11157671729603029,0.04069424224386462,0.08415116162919885
0.09312290847694078,0.11670387542864546,0.1894980941427551,0.11484076339766303,0.11663723078506276,0.0958380085996239,0.12123875357793079,0.03784836530403713,0.11427200028734104
0.1360337752618054,0.10043589756737721,0.12743948722291146,0.09780923845856872,0.13881834534640528,0.13806351072695414,0.12518660299669168,0.06001302486155367,0.07620011755773236
0.1376413087082052,0.09756211946342701,0.16642151636727934,0.0923617397229572,0.13512158870761432,0.1291714463651691,0.1261179995332712,0.047640619169144256,0.06796166196293234
0.12385955540264922,0.0916811532447786,0.2609914244706477,0.0881108971255889,0.11823902263211798,0.11147817160365037,0.11265450584488483,0.0291310601786927,0.06385420949698971
0.10518958988076645,0.12548137779905053,0.054936568246163074,0.12418445005640384,0.12670248745668178,0.12388971432817625,0.10401012073565653,0.09145346443453706,0.14415222706256442
0.11748582148346483,0.11285235114005787,0.061060605068096574,0.11789352072976937,0.134560528244114,0.14313605279005973,0.10779450419499988,0.09273771393710216,0.11247890241233562
0.12166916482704382,0.10966820552214744,0.07387355666187351,0.11458481360388535,0.13615669588393844,0.1445300995414388,0.1115272449378133,0.08458505380013985,0.10340516522171946
0.1257894807186586,0.07195357613895248,0.46215946268473035,0.06289686247904136,0.08613546953937246,0.060413163074842964,0.09646952310314771,0.0057652668366117744,0.028417195424642296
0.10488175132116133,0.1197381014976836,0.024760116871078024,0.11870109584477183,0.12373760370279126,0.1310783799460885,0.0931718114753881,0.138251067476725,0.14568007186431242
0.10597601263438061,0.12612985559301684,0.07482126392687734,0.12541135767858955,0.12015979996942511,0.10034016482942763,0.11912768525168187,0.08097637517760187,0.14705748493899914
0.13511001942551212,0.1008461769308871,0.0054142523878894224,0.12268714341146954,0.08502513406041441,0.06100687634256132,0.11374012951960254,0.30178427101756494,0.0743859969040986
0.11673312588462674,0.10931266745404354,0.03697505302135254,0.11477352817087028,0.13484381361751402,0.14732931607761038,0.10387996729359543,0.12113793833016022,0.11501459015022693
0.0778352641044251,0.09523229105419734,0.34588952431985076,0.09397767479162306,0.09643975666411046,0.07236112782022174,0.12570966059065092,0.01719191145306059,0.07536278920186014
0.10525508033957355,0.1253260125915325,0.06104250333617737,0.1243470198937301,0.1271824683851193,0.12360518166451347,0.10529171092901479,0.08616985546809693,0.141780167392242
0.11704400826762729,0.10038165829730357,0.21069040866982539,0.10117176154071977,0.12224363662260058,0.12038443663840716,0.11160101944090706,0.037500601608156596,0.0789824689144526
0.10454351763302004,0.11883633033045722,0.01467177660528686,0.11699605804950425,0.10937258184550368,0.10446211230035586,0.09041821900483016,0.18033787612727994,0.16036152810376203
0.10843477985713679,0.12591189307339223,0.05574009830752156,0.12588826097893413,0.11864150662720507,0.1001631620032206,0.1160374082440581,0.0976693216545624,0.15151356925396917
0.1033500879871528,0.09515605404164496,0.007911583178924892,0.10049874743916698,0.12609121761340972,0.14204468493625846,0.08611818559065243,0.22155994330345288,0.11726949590933687
0.10766802435047618,0.11672098485333526,0.14147072831344557,0.1220866669891781,0.11311044560921922,0.08380070647088617,0.1402879581634556,0.05819622157189519,0.11665826367810862
0.1462407379418575,0.09024945411088219,0.23370254425656775,0.08104746820294725,0.130286214786722,0.10723144537469943,0.13248709133966594,0.030549210044742953,0.04820583394191499
0.10121196690739133,0.12604042348102154,0.09851331114103605,0.12368967271181715,0.12321255746143446,0.10690072085320507,0.11580734005216968,0.06421774570152224,0.14040626169040238
0.10728286819325901,0.12064889025472823,0.09738810084369524,0.12252420155155579,0.12907775975238703,0.12545091392600513,0.10940642970327918,0.06565684032878179,0.12256399544630853
0.10390575438994114,0.12746210938174313,0.04308953727590393,0.12399005038090527,0.12188573039580952,0.11449837020236957,0.10330858467166922,0.10488078552921909,0.15697907777243916
0.10055461880110339,0.12536925438657145,0.10687157566965165,0.12311539960519025,0.12291578340521885,0.10590469058231311,0.1167477312153355,0.06067986797090028,0.13784107836371554
0.10577324383589941,0.10697985430105537,0.006599454529331997,0.11046733474580478,0.09858775309624478,0.09284382120710216,0.0830233491404654,0.25120879712129734,0.1445163920227988
0.10173460509895715,0.07643839134066666,0.4214633496849259,0.07297037333136956,0.09093216311664766,0.0800034784992324,0.0977937238850984,0.011010335047118713,0.04765357999598355
0.14148734361265972,0.07951243359790412,0.457738141169163,0.06658175291822392,0.08511659773604023,0.0475091769825998,0.09806320592160454,0.0034244635465416604,0.020566884515263065
0.09889966592005654,0.10510503799751147,0.239806694745382,0.10624044016758671,0.11568283058096901,0.10619140938388039,0.11027205024081815,0.03009228199269205,0.08770958897110363
0.09931421886398618,0.10933653457613135,0.0063395987816780575,0.10765704893972827,0.10160544786510539,0.10253035285477374,0.07731916970985954,0.24299154931050196,0.15290607909823545
0.12235836338777828,0.11859823404923049,0.03224982255618892,0.12767124049959797,0.10940820246488005,0.08692760365513097,0.12164709430763265,0.14605162238946748,0.13508781669009315
0.11062834309358531,0.109701941050531,0.16556926663143165,0.11283778059111761,0.12567885547894095,0.12309386794639376,0.11121056497241998,0.04564059239708956,0.09563878783849013
0.11670030062670757,0.11834889110842906,0.023644101839135703,0.12420510436099229,0.10898401210134506,0.09164191618799429,0.10971209398147401,0.16132556895767589,0.14543801083624616
0.10303649412668923,0.09550844450937228,0.28753606674846505,0.09586970022065515,0.11031252888201704,0.10340269184761464,0.10681616188200367,0.024510277038971035,0.07300763474421205
0.0965766863543925,0.11964775580229108,0.16021839279415476,0.1181694720503678,0.12098809016045535,0.1041645072318289,0.11696805299070079,0.04369028733039315,0.1195767552854158
0.10373478910870886,0.12673126898018597,0.03625810750118689,0.12306237473536415,0.12112433022762444,0.11608647254151255,0.10024887504039282,0.11447581438743,0.1582779674775943
0.10461693251073523,0.12420969103377111,0.02459610980929892,0.1210718340751033,0.11553387349530424,0.10912163503690682,0.09697167324853169,0.14155943397976714,0.16231881681058155
0.12011956846904759,0.10684737166644633,0.04100700160956431,0.11264126936777509,0.13730865237621984,0.14951707923948235,0.10735344702461475,0.11650971931723053,0.10869589092961925
0.10878212882148675,0.12144616661296377,0.0684103749398267,0.12326916682607751,0.12996151832308048,0.130426180577479,0.1061139930422172,0.08236289423931342,0.12922757661755513
0.10850963260617193,0.12143486864781909,0.049649657188157025,0.12268986047327822,0.1291592792188561,0.1325128803585388,0.10248977947448117,0.09865662048577355,0.13489742154692416
0.10719764171977841,0.12301329495113277,0.06857779019877973,0.12383434786326088,0.12900753212448055,0.12751085014645833,0.10617417320203525,0.08142761747576026,0.13325675231831383
0.10798381102176276,0.12048631748259027,0.09308821351317047,0.12258509004032825,0.12948760216419292,0.12685175228305215,0.10899793873104106,0.06788443457597526,0.12263484018788683
0.12429044627403385,0.09652707553654004,0.219158476787411,0.09456008875391497,0.12335995927066906,0.12008089533090886,0.1143775318212157,0.03634840210645965,0.0712971241188469
0.10052085974553941,0.10772119318610666,0.21825445646771482,0.10919204304080961,0.11835413759335008,0.10937814001190177,0.11089846775317687,0.033539437206527696,0.09214126499487311
0.1042394277230475,0.11089928194554283,0.1842655184593809,0.11310650683983133,0.1225521084172309,0.11560714638845786,0.11125915991092446,0.04017693720583892,0.09789391310974531
0.10464511474121642,0.12414492042007903,0.03459762032728241,0.12202374764435471,0.12420056042654615,0.1257544115566848,0.09770970747289619,0.11686094132052394,0.15006297609041633
0.11235825224059236,0.11690986202793748,0.017055664673508757,0.12058372088899434,0.10729490067496482,0.09457682630217057,0.10017543806314326,0.18039378545326856,0.15065154967541974
0.11397314963959264,0.0835261033070961,0.3456098952294295,0.07986551482229261,0.10439376701673109,0.09481357354592367,0.10441154641521407,0.018191510524435933,0.05521493949928438
0.09367903934930899,0.10646369500435021,0.24836061227370923,0.10650483719985689,0.11370734608083492,0.10059807447330867,0.11201961704553226,0.028112219271610676,0.09055455930148813
0.11994267476453617,0.10523916629533346,0.1585318501717236,0.10756106218448148,0.12861344072128186,0.12994230907254511,0.11337515831306248,0.049343008984505464,0.08745132949253036
0.1484532565986877,0.0932300973713469,0.19650356337135969,0.08381309051314438,0.13634066261587588,0.11502775348976547,0.13748726024771893,0.03766639704219568,0.0514779187499054
0.06789614380331964,0.06932176627043919,0.5084046013033432,0.06661125219422191,0.07665835483766552,0.0503460431579059,0.12430049204502523,0.0032213937984040112,0.033239952589675444
0.10919032820225079,0.12114110617744905,0.061740733427322336,0.12304762537055526,0.13006563806588978,0.1319410339737869,0.10505008054814972,0.08765503721597868,0.1301684170186173
0.10597946759389854,0.12409166747317406,0.04561158746418916,0.12326576278581093,0.12679710585490087,0.12746167700206007,0.10133606671575202,0.10173429630215582,0.14372236880805858
0.12861842884854147,0.075501893579601,0.4015337049296471,0.06777277724436434,0.09904382434855459,0.07540165684296847,0.10540366393780441,0.010824734455497568,0.035899315813021006
0.10863324066207881,0.10558488892562394,0.2028878427645023,0.10792076836436514,0.12144449874073103,0.11731319957542319,0.11046656333366432,0.037662516291332486,0.08808648134227881
0.10408945634086308,0.1271168755505142,0.03840356970690067,0.1235623451730633,0.12056688581466672,0.11314372531171844,0.10219715448033186,0.11192338486482724,0.15899660275711444
0.11521946424355045,0.10815155753141165,0.1561631574778485,0.11138589180543244,0.12760607575103874,0.127637807329119,0.11190619579519152,0.0490105265101353,0.09291932355627232
0.10137727059797352,0.10282142982017439,0.2459060853267272,0.10416041773170094,0.11534735215052705,0.1075336112891021,0.10934142909967089,0.029653862316013625,0.08385854166811024
0.10369932092660461,0.12601303927307475,0.03079924909487008,0.12218791653126955,0.11923742643070885,0.11441230165935405,0.09836037727486395,0.12477046027837069,0.1605199085308835
0.10386982251365423,0.12591718526175533,0.03632169681271415,0.12275113608963023,0.1227886929088633,0.12082462192484301,0.0990390240175269,0.11377927063205974,0.154708549838953
0.10098903086366319,0.1257118904060934,0.10133573416566842,0.12348189458434801,0.12389929894534792,0.10884373571471297,0.11475566907381436,0.06256268403350085,0.13842006221285083
0.107656762992813,0.12265646113534256,0.05438575598997511,0.123373921547182,0.12878359113519308,0.13005914545479347,0.10349366489705021,0.0932802802569716,0.13631041659067897
0.12290791162256542,0.11450529873858169,0.019519366791463967,0.12486458728566278,0.10449492025488116,0.08474082716177304,0.11353646771275376,0.18354324929169596,0.13188737114062224
0.12296968384910743,0.10870804210663983,0.08611284547375568,0.11310114350603158,0.13596820536934817,0.1432994497631769,0.11314144880762572,0.07736751949651322,0.09933166162780145
0.0901686937634736,0.10837360247548196,0.24782971361318484,0.10727926768462777,0.1126212598508995,0.09601796543990722,0.11502169567378358,0.027767801023714567,0.09492000047492703
0.09919600449841394,0.12311653201314991,0.12885036736912833,0.12134927802346179,0.12044104682016826,0.0996174814721484,0.12159342365598898,0.0538328347942855,0.13200303135325483
0.10123143705146276,0.12595620738674207,0.0994533267778845,0.12364566307232411,0.12282995626832043,0.10576615588428522,0.11659882171906653,0.06405310657958423,0.14046532526033015
0.10487359836946715,0.10300077461414599,0.2333365921821263,0.10467691616116714,0.11735248253405679,0.11127196313616623,0.10948084880060682,0.032018522218598855,0.08398830198366476
0.10528621461558096,0.11846630452918165,0.12790751615769866,0.12028908735675863,0.12710870981665448,0.12063829099527527,0.11122239106335192,0.05390669416530521,0.11517479130019333
0.09537884272216217,0.11929363529830188,0.16676656176517068,0.11745224660095471,0.11937871589643802,0.10026577194393639,0.11931128444008916,0.04241326680885258,0.11973967452409445
0.10022305411629902,0.09925315392388401,0.27180864143545336,0.10010108317131088,0.11199823825931682,0.10394402733805758,0.1081088013654311,0.026103253364381768,0.07845974702586535
0.10639015221476796,0.08100817035888382,0.37898000942736054,0.0779462325445537,0.09809678665331445,0.08849768979297833,0.10095320612216775,0.014822846506196455,0.05330490637977689
0.10034169476140797,0.1251533034988501,0.10939488341965121,0.1229260278721982,0.12287742258657051,0.10580129881659996,0.11687276179991869,0.05963834162650585,0.13699426561829756
0.0952113058011385,0.11633565342146546,0.18314917685483342,0.11576928891429068,0.11449780493982838,0.08962205902313518,0.12841259620345913,0.04119354584217071,0.1158085689996785
0.10360086518296313,0.12581088456260908,0.029814529028704892,0.12194407478645623,0.11906923189284267,0.1147062442847836,0.09775531555789012,0.12668233091786238,0.1606165237858879
0.09496286292047634,0.09629922582714072,0.0024551643187455813,0.09805240593379771,0.09271995534851886,0.09459393130726006,0.06719101680975025,0.31816082796920875,0.13556460956510177
0.10719325582037509,0.12313875037559897,0.05336104358451582,0.12348334295060681,0.12838234180633146,0.12921884506264145,0.10326088605779023,0.09400584558037915,0.1379556887617611
0.13271700817751678,0.07893385066749355,0.360828089573422,0.07123771449421228,0.1070176656769976,0.08353403344303771,0.11158641865010155,0.014555093403326594,0.03959012591389198
0.10403865632208809,0.12202953110066868,0.11814272147821947,0.12294305209326213,0.11794286873359343,0.09295465127028339,0.12876483939995623,0.06141433730526521,0.13176934229666348
0.10550900204814684,0.12427386206058517,0.04184168698443916,0.12296929431621341,0.12598069955668378,0.1268189490962798,0.10023555438092942,0.10627778989558394,0.14609316166113837
0.11802838562595218,0.08545312440670844,0.3229101304528844,0.08149118934318492,0.10853124422696843,0.09907764156157173,0.10701909750846801,0.020722921107942535,0.0567662657663194
0.11136133694539811,0.12389574273719565,0.03857228329201475,0.1254653695867267,0.11541221883399133,0.09815170368002296,0.11236582663594925,0.1217469831168506,0.15302853517185067
0.10271557460583984,0.11780870497525542,0.01782033238562514,0.11580560812018958,0.12034235077994036,0.12908256815501853,0.08854541981109594,0.1593856975518936,0.14849374361514153
0.10894956994165307,0.11763477966633455,0.01583813292202182,0.11897820234396189,0.10794002593435352,0.09824650175392481,0.0957398238141583,0.18125913870720767,0.15541382491638436
0.14258419969338224,0.08400697706842192,0.3021041062932919,0.07542020291339711,0.11894743510847079,0.09190615174714978,0.12385725705512945,0.02013914791847052,0.04103452220228634
0.13018762723976654,0.07776529565489751,0.3746027338668331,0.07024999687218708,0.1041239541983748,0.08156376089265271,0.1088923603949339,0.013418917002104055,0.03919535387825033
0.11125207844255407,0.12454918796585872,0.055388058998011545,0.12653048015462312,0.11720518933970454,0.09649312083185764,0.11956696172855985,0.10114694333668595,0.14786797920214448
0.11951188683957399,0.1187083889414341,0.02828654994145358,0.1261259991131712,0.10950916938548823,0.08939688802847334,0.11591701331561678,0.15188062972932484,0.14066347470546384
0.09829249037196221,0.10699606171307414,0.23030758133070192,0.1080330639358071,0.11663015332855274,0.10638994867960698,0.11100199116798415,0.031330210997212,0.09101849847509874
0.1124346144455158,0.11579130608552528,0.04191597779733638,0.11947034343603735,0.13157815755087976,0.14071753096194664,0.10199819637144182,0.11086500026244335,0.12522887308887365
0.11320607184411129,0.11700228301533734,0.07660531499915264,0.1209550361056045,0.13211511416621036,0.13581480377557534,0.10790898253096881,0.07917496563109551,0.11721742793194419
0.09873093537911619,0.11227938264821423,0.19668197073837346,0.11311147586955876,0.12005171594775776,0.10881927696309131,0.11254096259002844,0.03670392673111152,0.10108035313274837
0.10676318186921546,0.11993053001014937,0.031032645819560667,0.12011216888585186,0.12636137154462465,0.13330746712290123,0.09645963247043188,0.12504056630815522,0.14099243596910963
0.10370485201712037,0.1266614108847631,0.03630898954713701,0.12302368911779911,0.12137634831461151,0.11678707310575132,0.10004727910774631,0.11424748615666802,0.15784287174840328
0.10701640571941771,0.12019802319825505,0.10353301970566192,0.12212707870447514,0.12879995858855645,0.124623371062257,0.10986652843884866,0.06298199599767774,0.12085361858485033
0.1020962924130495,0.12560089928527032,0.09406463189146448,0.1238727801744189,0.12548582153167695,0.11387408112369286,0.11193321556963227,0.06550153507086891,0.1375707429399258
0.1043164279123503,0.11331476087066762,0.009641251285104442,0.11325121096633754,0.10409330766154994,0.09980007540822826,0.08552176881773847,0.21515149622580657,0.1549097008522168
0.10416025422172344,0.12425971067521942,0.08917221307884278,0.12387473607844368,0.12733858389504663,0.11993777768844689,0.10963932321208587,0.06822524583697782,0.13339215531321344
0.10145827526547918,0.12629029988654464,0.09515760631296821,0.12389570081745993,0.12335023421327747,0.10743159530093226,0.11530581596254208,0.06571789282889919,0.14139257941189706
0.08880197832074836,0.09487635777718872,0.3298153648373648,0.09423916580490105,0.10318638038425802,0.09036844304911813,0.10796824601682065,0.018480089853096782,0.07226397395650351
0.0879867767285661,0.08578501437753472,0.001747963723598923,0.08785086197876124,0.10800046304175183,0.12302430109349505,0.06686745895123011,0.3204675605242023,0.11826959958085981
0.11361320701022248,0.1167209612669771,0.07326096250754253,0.12078722160049156,0.13236581430796845,0.13678300307965138,0.10764209653109769,0.08153479149610565,0.11729194219994311
0.10469455853239495,0.12511125113456642,0.07510405558624139,0.1243707297028263,0.12737799304747194,0.12146836440952595,0.10784742617986291,0.07606570899056188,0.13795991241654829
0.10535289715589587,0.1274020673229159,0.04884019361577933,0.1248968083101419,0.12027996139039353,0.10717059423396617,0.10881864225736666,0.10064277531929955,0.15659606039424118
0.09519643484660552,0.11382034221579979,0.20009797535649876,0.11335384747097897,0.11850123873923389,0.10374185156599273,0.11467960982456193,0.03550429549850718,0.1051044044818213
0.10411590897193178,0.11532988835608475,0.1555125400122119,0.1172860350533097,0.12497537512751762,0.11751840635746469,0.11172394479830687,0.046231912292211456,0.10730598903096118
0.12765830568229272,0.08701208985312005,0.2923075002674693,0.08129454148617003,0.11556951133982309,0.10349187987949475,0.1132952276793641,0.024152817882004754,0.05521812593026105
0.11663533081040378,0.11223844012128688,0.10834380243942408,0.11656957211295683,0.13193871763097653,0.13513722572763495,0.11125803532856755,0.064687682245268,0.10319119358348135
0.13861085639605059,0.09813119368803826,0.1546196037682096,0.09300141610589525,0.13703919550981605,0.13144165037208275,0.12748256210383374,0.0508370130689823,0.06883650898709141
0.1076933643776437,0.107302059293509,0.007132946112271338,0.1118291514036942,0.09871887861950841,0.09141830502194705,0.08546783679806748,0.24744142920207726,0.1429960291712816
0.13317102383919252,0.10157906259390947,0.12632470030570092,0.10040735922297035,0.13733495604869278,0.13869171956962603,0.12222398035239547,0.0605602614594823,0.07970693660803026
0.10631059668870989,0.12323212606499064,0.07897330171500451,0.12386114075831008,0.12865115667931,0.1249615170956107,0.10776973078655228,0.0744325431216035,0.13180788708990834
0.11513936110191847,0.1129244856673643,0.11294474772915335,0.11711873516391898,0.13115093408795028,0.1332038822278433,0.11103248486969686,0.062374500485155415,0.10411086866699908
0.10894477287283362,0.09787718024211271,0.2546841254268046,0.0985918998083287,0.11537043244623367,0.11056439315496201,0.10852555350873737,0.029447309977667854,0.0759943325623196
0.10322955137636802,0.12293817686768578,0.10663884219444934,0.12283369625533908,0.12677128093148657,0.1177949131153186,0.1112608547465442,0.060434546080031126,0.1280981384327774
0.09644233429065695,0.11874712959767196,0.16616452444150834,0.11750649247217831,0.12084437417187766,0.10461800722813047,0.11638867383958958,0.042276481514667154,0.11701198244371953
0.12229697936035296,0.10718995997505591,0.12430931585804865,0.11035126844415823,0.13260349467531707,0.13659088038509257,0.11413132502139599,0.060180704843064925,0.09234607143751378
0.10235753929183328,0.12238217736235157,0.018953402516073782,0.1182616116846578,0.11491759504687604,0.11398038156937113,0.09083144846095274,0.156390517911367,0.1619253261565167
0.09098525824836194,0.10681798963761431,0.2544647728134333,0.10614969951527757,0.11233986085114067,0.09715714623083781,0.1134563589191826,0.026974663004840988,0.09165425077931083
0.10603651143398503,0.12604618822527047,0.03507506876384775,0.12368081878044157,0.11771526214019162,0.10679218264291492,0.10409366219829892,0.12052981300251897,0.16003049281253068
0.10966842281210835,0.11974127234507387,0.046142219013920294,0.12177014379191402,0.12980676156755477,0.13532209733836006,0.10190130197089468,0.10346221523440975,0.13218556592576425
0.10617978898422507,0.11792263244727792,0.025140308731086924,0.1181489369179382,0.125315234693122,0.1343882375463504,0.0938426306037482,0.13832458591187247,0.1407376441643788
0.10557191123684134,0.12709929383008156,0.06294703905962894,0.1254059613356506,0.12063194316507203,0.10381358824859536,0.11442071737267855,0.08830054937577807,0.15180899637567358
0.1132105127047384,0.10945509147856546,0.15539047095129713,0.11282382993948138,0.1272065790624366,0.12631087523034965,0.11151836349706094,0.04872769260805584,0.09535658452801456
0.10978050641924593,0.09868153816824365,0.24659686648130166,0.09955486230208821,0.11651091560026546,0.1120970379569128,0.1089529550790781,0.0307189718711005,0.07710634612176376
0.13253660736583614,0.0987124823388818,0.17080284023942097,0.09560309766971183,0.13209874649571554,0.1295727730855776,0.12114082646901574,0.0469463293515904,0.07258629698425002
0.11766489654053307,0.11082867075094582,0.11637154313524929,0.11497074817260618,0.13169840496585683,0.1348559533652736,0.11192170013722268,0.0618893581038803,0.09979872482843229
0.11761306365726076,0.11465275282486091,0.01682828748719656,0.12210620096066767,0.10501217145295601,0.08888277372787438,0.10545613113655565,0.18865241080565723,0.1407962079469709
0.0999346407886635,0.11066024421542314,0.2021919755049002,0.11193449600276138,0.11986194045401832,0.10991767856651041,0.11179810986993831,0.03601186312443149,0.09768905147335316
0.12713366880850266,0.10423362067411607,0.12819198473613702,0.10564792157831594,0.13416601815722748,0.13775281042828882,0.1171445623064733,0.05958886267219105,0.08614055063874758
0.1146568167509915,0.08016082545551917,0.3707465014840577,0.07561848756359758,0.10093803979906424,0.0892676768391187,0.1028993448431444,0.015453952566584696,0.05025835469792193
0.11103961651537987,0.11924008124313647,0.060947116201201045,0.12215922410337116,0.13111339170353012,0.13504414812292073,0.10523329812159048,0.08936708601663884,0.12585603797223124
0.09707659032790089,0.10707777800705313,0.2338496479772878,0.107859459078473,0.11600505781555809,0.10496842060930338,0.11127522819606017,0.03061485497313376,0.0912729630152298
0.12319504272155753,0.09929672791072959,0.19851185029348373,0.09871204969689366,0.12534235546250214,0.12398654417485293,0.11433608526128697,0.040411235052608095,0.0762081094260854
0.10776339220076266,0.12177522047581867,0.04444745330800582,0.122443997335955,0.12828650324909252,0.13196760292212184,0.10105337418069875,0.10429248333204594,0.13796997299549882
0.10494666508083372,0.12762214910412004,0.05368322641662176,0.12504996812231542,0.12096733455765912,0.10739958642759782,0.10993508032084671,0.09518897897859231,0.155207010991413
0.10206639041739507,0.12506991650687516,0.10361407016426914,0.12353033885069177,0.12098270356538394,0.10052329708176921,0.12084663241021455,0.06394330424337319,0.1394233467600279
0.12399055505000174,0.09431991475986688,0.2387588315861351,0.09159638258553314,0.12096530267207616,0.1161184881134411,0.11358558067461261,0.0328020540897056,0.06786289046862774
0.0999575992817151,0.11451662189753509,0.011915599871846901,0.11169281975118928,0.11599521060956221,0.12615707258153622,0.0830051525412358,0.18718809166014858,0.1495718318052309
0.1097030735717348,0.12037748431551154,0.05363514282826032,0.1224634235388246,0.13013911045568896,0.13402191944983013,0.10358308447478738,0.09525059343295265,0.13082616793240961
0.10516214996784364,0.12548586966315342,0.05872357332705447,0.12432134446460075,0.12694164256690385,0.1234948660273415,0.10486180409531326,0.08806020400737545,0.14294854588041375
0.11402532996486585,0.11199464878011828,0.1296494110842872,0.11587831004798088,0.1296144652494521,0.13012724715262577,0.11133688358940681,0.05622085577900406,0.10115284835225898
0.13332046441749232,0.0946041120500097,0.0029151192386315515,0.1199057670131682,0.08040515958784052,0.05507383008219239,0.10608265884040308,0.3474616176555532,0.06023127111470913
0.10385874325618112,0.12710172164803024,0.03893235195902137,0.12350401469899115,0.12131088846846165,0.11502619570588535,0.10165728368325921,0.11056729941737801,0.1580415011627919
0.12079739715382387,0.10685797474319732,0.13812408871710863,0.10982208806331863,0.13084165102077824,0.13359907780137467,0.11363421815974789,0.055295256739979266,0.09102824760067152
0.11856593629164718,0.11228853279713251,0.07576770384715457,0.11722876008422993,0.13453237872110071,0.14168011773835223,0.10988115286687998,0.08213535966939352,0.10792005798410931
0.11216933012891035,0.0705937389739477,0.46236091963092213,0.06405262069718375,0.08506718590353107,0.06813558723599218,0.0947142986824675,0.007239801402176491,0.03566651734486898
0.13702406318274404,0.10060244904164954,0.0915015145246247,0.09931721392429886,0.14392928125153723,0.14482664670891787,0.12704816750118908,0.07565437909396554,0.08009628477107321
0.1516129158431475,0.08893602112207664,0.2438303054264895,0.07936777670088889,0.13025510346051192,0.09964103129280255,0.13774356072913338,0.02705288061161971,0.041560404813329906
0.10178617568350805,0.10900030964892073,0.20268208265742793,0.11541191818140935,0.10678410328028236,0.07669243418092386,0.14514619280160804,0.04322585866375025,0.09927092490216942
0.09855848867396501,0.11230230397303993,0.19717566283303722,0.11308448835383485,0.11995804422547213,0.10858550377592953,0.1126003776388167,0.03658430200130578,0.10115082852459885
0.10549501894053193,0.12731041673714796,0.047722016208461664,0.12485886583741018,0.12005827857063371,0.10697791506693251,0.10862110824074848,0.10207532462023716,0.15688105577789635
0.10468095812896737,0.12438561608880483,0.08331729381550512,0.12407199571800143,0.12761719554631182,0.12125989980680248,0.1088157075811808,0.07137659558275491,0.13447473773167132
0.10746973438996917,0.1227015625177762,0.050783043615744816,0.1232059121112304,0.1284492502901102,0.1302043235050793,0.10265854919471683,0.0967933255019604,0.1377342988734127
0.1360337752618054,0.10043589756737721,0.12743948722291146,0.09780923845856872,0.13881834534640528,0.13806351072695414,0.12518660299669168,0.06001302486155367,0.07620011755773236
0.0902280298496762,0.10896363498949836,0.24422993213879643,0.10779652158427926,0.11293239007721251,0.0960554105991707,0.11540794089854034,0.02826401740744523,0.09612212245538099
0.10011876218844541,0.08044469628073035,0.3951581626425778,0.07799375301515211,0.09483143410455651,0.08514987937572498,0.09982467073422123,0.013262436659789455,0.053216204998802204
0.10340352953558833,0.1114698713559159,0.18468078437013383,0.11744923383344243,0.10892121195910671,0.07893151917781667,0.1437903714264047,0.046901856315397894,0.10445162202619347
0.11438773479692922,0.09204348066007527,0.28113264968409013,0.09055735018136328,0.11308751634450309,0.10753384353483837,0.10815518247634533,0.02614209715115037,0.06696014517070493
0.11154702057117234,0.08734991922489131,0.3221126564253373,0.08504137605135664,0.10708880726943687,0.09963174921031435,0.10531966037194464,0.02089461454321251,0.061014196332334014
0.10799169427165996,0.10825022348965334,0.1870288479088068,0.11090015769028967,0.12302277016606729,0.11863941275614752,0.11085562340125454,0.04049657770670755,0.09281469260941339
0.10062760973026506,0.1250514177199227,0.10949238039571103,0.122959077045321,0.12194935288540393,0.10315675392911315,0.11877357889994809,0.06028421758942499,0.13770561180489002
0.14082535852396783,0.08234462281641984,0.3207104871629266,0.07395122059183108,0.1155212795905668,0.08828034934901101,0.12080060438548824,0.01795271516296328,0.03961336241682532
0.10594406984363686,0.11101270716222111,0.17657808203302117,0.11354620232262824,0.12364729857753654,0.11789484078440376,0.11117733528947542,0.04210701842889412,0.09809244555818282
0.11508276467609313,0.11035951893387753,0.1380043353294185,0.11408771131569219,0.12921495642872086,0.12993956491885775,0.11172666086547182,0.05396634341719333,0.09761814411467491
0.12145752042903235,0.12037915448082136,0.05839301114178632,0.12929118136146692,0.11274139387119726,0.08596011379340013,0.1334596048323427,0.10858510645394176,0.12973291363601125
0.11882543811166553,0.09949765049446335,0.21165027031983755,0.09974348825352657,0.12258184401029314,0.12073932159224803,0.11215661067888293,0.03749334170528881,0.07731203483379405
0.08891405348539357,0.10992792954816459,0.24212929110493434,0.10821521454640133,0.11222710762363719,0.09317499755811427,0.11796497297105069,0.02857605963303581,0.09887037352926825
0.10137921861193284,0.08483061229839545,0.3622589134178291,0.08315235123665911,0.09982578762015969,0.09124359198994643,0.10208276268391044,0.01634132603012631,0.0588854361110406
0.10022305411629902,0.09925315392388401,0.27180864143545336,0.10010108317131088,0.11199823825931682,0.10394402733805758,0.1081088013654311,0.026103253364381768,0.07845974702586535
0.11709483764548938,0.11185266490796814,0.1089890754431364,0.11617528446353886,0.13204668979268377,0.1354369083859542,0.11143761685774335,0.0645785613248922,0.10238836117859369
0.14495706686651846,0.11451668843413294,0.024483452466698915,0.13463531485881933,0.0958252840714691,0.06579960093658375,0.14711876416054773,0.18740702339423013,0.08525680481099973
0.10540209200033417,0.12232285944839473,0.03225915977720424,0.12112077029993062,0.12498837079680769,0.1292160484074386,0.09667001466787055,0.12159139158688642,0.146429293015133
0.11986144037018455,0.0742010262919172,0.41838397023288915,0.06749389697533939,0.0944104186567271,0.07604085674707986,0.10048465989497864,0.010336709328270235,0.03878702150261395
0.12738214623849112,0.11421507784044287,0.02122386884599528,0.12691387419366554,0.10347233288491857,0.08113564852879518,0.12015947922432972,0.1821696469884548,0.12332792525490695
0.10261130419168245,0.12667415522297643,0.08706831098155565,0.1244399756975354,0.12229288527453441,0.10490161808429499,0.116510411642466,0.07076838570854212,0.14473295319641247
0.12480467812173417,0.10584917971771916,0.057577571698145646,0.11077621063263439,0.13932132361396235,0.1493844034051703,0.11296100709917532,0.0987180435833432,0.1006075821281155
0.10630238531261088,0.12122822956562888,0.09964362174457538,0.12266459136003403,0.12857008149338853,0.1237376770918971,0.10972397499877873,0.06429954072844721,0.12382989770463926
0.12150292867226531,0.10461487540690012,0.03871589688188484,0.11051076354649508,0.1387639935091929,0.15093851023497407,0.10857797436881428,0.12048394752989282,0.10589110984958063
0.17137208454738107,0.09003801205291644,0.31855789273133317,0.08012126143826809,0.1104860351296278,0.05699133145608346,0.14531850170631788,0.008744018804349073,0.018370862133723073
0.10591003855781815,0.11280581080536849,0.16458103816637695,0.115341426369144,0.12472328676158062,0.11888016315608253,0.11133831123207616,0.04465169056552245,0.10176823438603065
0.10358933566414752,0.12742731996697396,0.06077381064116605,0.12474614576885008,0.12474221783590823,0.11641379405130765,0.10701929734605009,0.08609816089986616,0.1491899178257303
0.10399790337905708,0.12410399433669687,0.02368327191439799,0.12059816590141521,0.11571257604968638,0.11062324946554773,0.09565847670623988,0.14315692446956776,0.1624654377773911
0.15345644646490866,0.10737028088616644,0.0018121499204366719,0.12740236711457067,0.07450886456888205,0.03095568028478765,0.1298451363502135,0.34903700637482804,0.02561206803520639
0.10378897790591872,0.12549050858725985,0.03392232257968491,0.12229446680799612,0.12245070720150762,0.12137007101548136,0.09795896352545434,0.11776346922744592,0.15496051314925108
0.1116512920877243,0.12324367296676364,0.034520711581274226,0.1250213311910269,0.11448456109956599,0.09793824320582119,0.11065663059058918,0.1290036691522747,0.1534798881249599
0.11289734999043254,0.11399991053521359,0.013601709526109016,0.11896442198627054,0.10444612424690108,0.09219965544413146,0.09767595171390821,0.1995077510396337,0.14670712551739984
0.10919986743234146,0.11439979551763972,0.13727607494499217,0.11759957437189476,0.1277457385508414,0.12468067729924505,0.1110232125261213,0.05243655598270817,0.10563850337421597
0.10959164246301244,0.11857016058484943,0.03897263662137382,0.12064246354715442,0.12938529184132633,0.1367995059559202,0.10001812728694094,0.11318749910442473,0.13283267259499773
0.12012012735937398,0.11069696751619473,0.06589417674012198,0.11586353333799805,0.13579125957383942,0.14472156836070146,0.10986920755650585,0.08989397637659756,0.10714918317866695
0.10386982251365423,0.12591718526175533,0.03632169681271415,0.12275113608963023,0.1227886929088633,0.12082462192484301,0.0990390240175269,0.11377927063205974,0.154708549838953
0.10962340329556235,0.12068200546501195,0.0601000250741213,0.12281468069297923,0.13028366594932314,0.13290293333372658,0.1048145174020394,0.08926865078146386,0.1295101180057722
0.10733349947054409,0.12114312117898966,0.020255581540705617,0.12044330451221934,0.1115646756903378,0.10241974186389942,0.09741856861178162,0.15981860141139234,0.15960290572013022
0.12908574605256848,0.10445173194938488,0.08069913234198813,0.10729553497155275,0.13985016828473695,0.1468847735313057,0.11791599680137059,0.0818692648394066,0.09194765122768594
0.10283520213243687,0.12209882274686044,0.022622493967970114,0.11887354713279606,0.12016518142784154,0.12408173385423475,0.09176167227677172,0.14289492705275833,0.1546664194083302
0.10777056438434307,0.12257196393738051,0.05579764472354907,0.12340469003916338,0.1289331001039694,0.13009456482268641,0.10380130245969806,0.09201300104248862,0.13561316848672142
0.10476019361274447,0.12568598475311535,0.030157331144585704,0.12246025643362952,0.117514084057645,0.10984558168095689,0.09996757133312394,0.12807822230611765,0.16153077467808152
0.10321932316164854,0.11453904146841364,0.01012866290293466,0.11331401599428143,0.10537173722764803,0.1023063510489745,0.08505508275898381,0.20895804448475444,0.15710774095236094
0.12039578720249333,0.09924753029725857,0.005208911121517081,0.1148725774720265,0.09031909732083061,0.07453371423003603,0.09508183301916917,0.2932175171144609,0.10712303222220786
0.13203710394815968,0.09013044522609749,0.257040863723028,0.08400438673379391,0.12170632743242633,0.11018533527985584,0.11798390249616332,0.02915385257906565,0.0577577825814097
0.12638064353717793,0.0975918753318888,0.20331841258613606,0.09555801093588423,0.12590333328276673,0.1232731759396875,0.11599131370381155,0.039509682111551425,0.07247355257109572
0.11446031103916443,0.11440589023985646,0.10187797508980327,0.11864263894347704,0.1316091807618552,0.13395973402934605,0.1103080383518732,0.06661843681634125,0.10811779472828305
0.10066249149492139,0.11130581681560565,0.007498589101668205,0.10968632079852388,0.10296738523768144,0.10264067373344797,0.07990205241683929,0.2305912836964814,0.15474538670483087
0.11067914019330817,0.08787737443095493,0.32023717216575953,0.08583546382666231,0.10716591314069661,0.09994094923461498,0.10527855559734293,0.021099701912615274,0.061885729498045106
0.10708779359421239,0.12334035523766396,0.05698688270424571,0.12369947927698531,0.12849267122578545,0.12850971138622058,0.10406120315574235,0.0905394638097813,0.1372824396093629
0.10042518545643296,0.12346294695406253,0.11912529194397063,0.1221127883555238,0.12454328203144995,0.1110741817865696,0.11405895101634483,0.055433756590314465,0.12976361586533117
0.12729132234979282,0.10563378608091512,0.0811007874647235,0.10909815708428226,0.13870428050860417,0.14628144741419577,0.11624381559716195,0.0813498892530196,0.0942965142473049
0.12410513139276642,0.10363588408273716,0.0436755614119472,0.10911953098743525,0.14039389519514348,0.15146761424190838,0.11164636817812755,0.1141163188436743,0.10183969566626024
0.10325001249851613,0.10487665903347781,0.2267105875646569,0.10662148794915972,0.11787924620572403,0.11086905544448221,0.10994993344462728,0.03274508208060376,0.08709793577875209
0.10929495263364099,0.11462006018167259,0.13505665754201893,0.11783677786257207,0.12793268996500995,0.12498795410347029,0.11098200968270837,0.05310280730264005,0.10618609072626678
0.09989399978546626,0.11395272390819304,0.18200257111568197,0.11491122954369698,0.12163850353951233,0.11089474112644397,0.11261406803028662,0.03960603295682166,0.10448612999389716
0.10084542782558388,0.11789693518205242,0.014734590274961157,0.11447968206827541,0.11669427126180214,0.12413335568340773,0.08569701802073053,0.17191597664496486,0.15360274303822183
0.10149854749435601,0.1200305078959164,0.014841924867525025,0.11595318986622456,0.11230551195697809,0.11266041740484256,0.08732577541238017,0.17387536025237393,0.16150876484940324
0.14952771795583716,0.11192763136606727,0.012307681849052897,0.1338733850233976,0.08627934699342439,0.05554544426834714,0.14490999154377437,0.24229905320227382,0.06332974779782538
0.12156244926654919,0.07171362660846167,0.4512698232950784,0.06382294518843946,0.08833178170050354,0.06636987868285403,0.09727389959551745,0.007225245900260542,0.032430349762335685
0.11597439910043554,0.12132293784491416,0.0345752588877939,0.12617712440577852,0.11261575521087701,0.09308934587255348,0.11560932669305841,0.13413984678460897,0.14649600519998004
0.10641239030863779,0.11303548190631853,0.010146953960036224,0.11440458408969284,0.103682955325068,0.09729830840210196,0.0879674968650838,0.21428481029213967,0.15276701885092106
0.10127241615836673,0.10027465915053548,0.008090360950085583,0.10318013150241058,0.12169180967854158,0.1380814983055614,0.08294460323792059,0.21861773189476555,0.12584678912181255
0.10215049153814466,0.11327279948659348,0.17807073757906577,0.1176987724766189,0.11071944452500704,0.08155176575604581,0.1403340798500718,0.047127327534642084,0.10907458125381046
0.10347359549571734,0.12583894137783092,0.03178077266321545,0.12211231709960758,0.12078837473749447,0.11814841763209179,0.09769584067010306,0.12194718370223985,0.15821455662169956
0.09751682282219805,0.10781428369977324,0.0076918401766508035,0.10592425881722752,0.11378212900481625,0.12721838523512594,0.07808607483869873,0.21942943872766266,0.14253676667784682
0.10365598378990983,0.12755649257216797,0.05692355388851145,0.12468336160654601,0.1242977675635981,0.1161916657767836,0.10632707939851738,0.089471486583608,0.15089260882035763
0.10794790501133274,0.07456470337188896,0.4270901050663934,0.06981678012503932,0.0908431382719556,0.07803770742693385,0.09747046822500671,0.01040482628484699,0.04382436621660249
0.10270479553094897,0.11828029495171404,0.013158896423730415,0.11544098404767637,0.10926048703129898,0.10697619343108056,0.0873624440244392,0.18597692568319854,0.16083897887591295
0.11915958868276581,0.08524993727529477,0.32233683210800385,0.0810107157490403,0.10891798833978894,0.09900396186080884,0.10746535356494326,0.020746411338980694,0.05610921108037348
0.1252616611367415,0.11513332830344014,0.022374768144608675,0.12652353882068135,0.1049125479587365,0.08329263276132143,0.11848933549787771,0.1757426741221935,0.12826951325439917
0.10371998491944878,0.10704090300106293,0.21120354569182784,0.10902167033083805,0.1196913299946456,0.11276720219025244,0.11050880342115747,0.03528474847928179,0.09076181197148514
0.13113285968087593,0.08659413545044566,0.2901212716740613,0.08000808736617862,0.11707733880973122,0.1025687023051467,0.11565324503906216,0.024067601626351225,0.05277675804814715
0.09672210562975984,0.0818715548916079,0.39216786061634484,0.07997184482014094,0.09496068621749365,0.08522148325418534,0.10046582641496604,0.013420894892158369,0.05519774326334317
0.10419436760968126,0.12666096263086893,0.05852853360668462,0.12455133189029634,0.12574407001790325,0.12000453692792905,0.10551719612705561,0.0879230290192109,0.14687597217037013
0.10645696132823652,0.11454918662771367,0.15000844141496264,0.11714582269515202,0.12605098027050898,0.12062435266581896,0.11131653893846172,0.04822571562170042,0.10562200043744512
0.10476325512036795,0.11641182162001383,0.02011120297591575,0.11615048888729036,0.12339221940925704,0.13371243784339384,0.0908164585935569,0.1525369332756231,0.142105182274581
0.10077107529139329,0.10903264047987764,0.010499739970352901,0.1086974584623156,0.11868034466308204,0.1327196371710103,0.08284297853738444,0.1977667566414155,0.13898936878316823
0.10481827275857235,0.12712628839995954,0.06912131342866472,0.12526109081957712,0.1211681244083415,0.10404319007763407,0.11524258163458816,0.08309071079639838,0.15012842767626416
0.09944988535694615,0.11934068194916098,0.15022843013149415,0.11906038112307393,0.1234241231846658,0.11062226075638228,0.11397523781020176,0.04632862008917304,0.11757037959890188
0.12969110297574687,0.09906339316762695,0.1775772243419955,0.09689109706107242,0.13007892174273608,0.12844102733836124,0.11874688012884205,0.045316915854887674,0.07419343738873117
0.13096836980343926,0.10068085785901427,0.15353299820459818,0.09914440928550834,0.13326931655330299,0.1333033489540993,0.12006178685992215,0.051720681279024926,0.0773182312010906
0.10433818521147208,0.10214033697683471,0.2406837594515535,0.10365584487872719,0.1163967203121516,0.11007742855272971,0.10919440709714878,0.030852499267215745,0.08266081825216674
0.07535276014933912,0.07859234890373952,0.4525272715685664,0.07653207752728709,0.08551501041082503,0.0674857950908897,0.10759169039585707,0.007618512182153081,0.04878453377134304
0.08927561142844957,0.09357495431401601,0.00181421959688354,0.09275622670729616,0.09462441153945639,0.10241190202046385,0.06257878511627844,0.3290739872312401,0.1338899020459159
0.09333268383449604,0.11672667184285734,0.1882007316478674,0.1150011934479714,0.11594926776594705,0.09380635651797316,0.12328389594771987,0.03856384523486176,0.11513535376030597
0.14743199871174464,0.0817377991223004,0.42586538100981564,0.06926200868398823,0.09246361141930608,0.05098462667338932,0.10724108532323344,0.004587587491249667,0.02042590156497254
0.10661745762344317,0.10118982456639924,0.012059441283607253,0.10589141597854673,0.12760851178805388,0.1436556529550754,0.08982702801915703,0.19214637501177756,0.12100429277393977
0.12543503914660922,0.07754288780106876,0.37988794955825406,0.07067681528110921,0.10214561224004477,0.08301154605968082,0.10608847284433916,0.013532667756736201,0.04167900931215779
0.1368118667815377,0.09041308116217052,0.24573758942278634,0.08312631969355057,0.12504807753241007,0.11066943950544424,0.12239872992566202,0.03042178801887421,0.05537310795756426
0.13299943159887997,0.09384614799170843,0.22042310372874283,0.08848180094419393,0.12658065083137549,0.11843594578085061,0.12020876057774647,0.03571160342847641,0.06331255511802585
0.10053355401133705,0.11339224493448398,0.012073827270204217,0.1113774418473334,0.11736378122885226,0.12877020067616954,0.08351680322812517,0.18663967990216576,0.14633246690132856
0.11776369756243747,0.10832544424766151,0.00998771240182234,0.11820287718705652,0.09884891467298285,0.08428999567190187,0.09885461064867168,0.23264116188728443,0.13108558572018142
0.0952801749883128,0.116600745491853,0.18329633092148637,0.11553184601999526,0.11946929497964842,0.10325803101479458,0.11617338678085039,0.03860004540700394,0.11179014439605532
0.10276512741956016,0.11455166807977757,0.1665552084814335,0.11623244612518681,0.12373529000454424,0.11523047613740327,0.11195924072719902,0.043400552883859966,0.10556999014103548
0.11626567726181704,0.08244937859474781,0.34975867732777016,0.07812697268386243,0.10435936286955426,0.09356579831622612,0.10477844216672927,0.017647905425125874,0.05304778535416704
0.10411236228713337,0.12653671922616824,0.03385104804457608,0.1229154716042687,0.11942800743037896,0.1127106301161281,0.10047656838675945,0.11961013995141888,0.16035905295316819
0.1574088820933246,0.08450740513297728,0.3078203857396192,0.07592391156899138,0.11883072512386474,0.07576664014252606,0.13651939323729265,0.014999223994277977,0.028223432967126094
0.13317102383919252,0.10157906259390947,0.12632470030570092,0.10040735922297035,0.13733495604869278,0.13869171956962603,0.12222398035239547,0.0605602614594823,0.07970693660803026
0.1494418956705519,0.0973174873112476,0.105405781563963,0.09012917875008997,0.15005411903405633,0.13491374882791948,0.14518834745020326,0.06554375763803985,0.06200568375392864
0.11441256272152996,0.08844012178263623,0.30771634457392294,0.0859386083629014,0.10964490224133572,0.10248036649740373,0.10677713484729974,0.022666137271901383,0.06192382170106888
0.1178196053818124,0.10806142573177796,0.03701987860611452,0.11375162412787874,0.13573848323660712,0.1484021689427457,0.104814517513801,0.12164285031722728,0.11274944614203532
0.10579037261620867,0.12333296859129923,0.08350249717446394,0.1238098844578573,0.12837879518948192,0.12366699698408584,0.10842183782547758,0.07170927417752232,0.13138737298360323
0.11720925471988718,0.10661712988238108,0.008662556472478515,0.11692279105980907,0.09735814266293852,0.083368637738423,0.09667814498323259,0.2443514707941565,0.12883187168669355
0.12418488313486203,0.10561840784142552,0.1305293947797642,0.1079730645830977,0.13273398327138808,0.13639207541182244,0.11526848895134124,0.058374705885842676,0.08892499614045608
0.1001708098164854,0.117337536585308,0.01155425601267588,0.11324559604281166,0.1100076615039175,0.11227368402778932,0.08352162982164824,0.19192190751354907,0.15996691867581495
0.1056355987489374,0.12067741584363356,0.10894307476086297,0.12208708171138867,0.12802559927187254,0.12215496639148093,0.11043587237145086,0.06037189934587178,0.12166849155450128
0.10819548789319422,0.12351370002670527,0.027712526104981774,0.12287471356015671,0.11432138793654502,0.10251400993606914,0.10299754342373903,0.13880690038582966,0.15906373073277918
0.15211445889234682,0.10933470976610506,0.003797843141977087,0.13121734606358995,0.07575139409127771,0.03855607221904198,0.13792063331368323,0.3167218741128122,0.0345856683991659
0.10383325150349522,0.12035611343644559,0.022977819478362044,0.1184150917434491,0.12214956139068812,0.12869119979779728,0.09196968727509756,0.1424596865541876,0.1491475888204775
0.14450872469151996,0.09768119149118444,0.13646893996142642,0.09082159561225848,0.14263755732943845,0.13237638224000814,0.13551795087119775,0.05533967377972233,0.06464798402324407
0.12169492791640707,0.08200349488404186,0.3443124628432643,0.07656001183001816,0.10657968842349629,0.09335943118580979,0.10712002009331756,0.01792867111332698,0.05044129171031805
0.1123947724061198,0.11234955481251628,0.13614574634991294,0.11603365452859256,0.12867151897649748,0.12791831615192428,0.11121305870401808,0.05374524467962389,0.10152813339079468
0.10081647598514816,0.07916718376809406,0.000851381570565463,0.0960267049172047,0.08303522743197485,0.0745560937282106,0.06542491364337871,0.4058111438486307,0.09431087510679266
0.1040635075534229,0.11877978886076597,0.014346449021030924,0.11664949799354156,0.1094039955273438,0.10514616396169833,0.08967811485801175,0.18132719362708816,0.16060528859709663
0.09567078360283349,0.08526387038351058,0.37205459853136547,0.08399351804803053,0.09784768195419606,0.08830864141167755,0.10214616593674948,0.015147628192844183,0.05956711193879275
0.09862033411661746,0.11535965918377096,0.010067421660149936,0.11106415769465543,0.11052958725508506,0.11656330457559767,0.08076445370434138,0.2002246214213171,0.15680646038846494
0.12091354294895988,0.11780200030622234,0.026689653571970978,0.1262107473514625,0.10841079568427066,0.08792729392786969,0.11647619618790737,0.15765884638945885,0.1379109236318777
0.10384685120318977,0.11606874212286766,0.15177784885649961,0.11786480464970855,0.12516120044019233,0.11740017852642491,0.11180817770892341,0.04704519489781094,0.10902700159438274
0.10859608752605786,0.12119881382335924,0.07740959427267653,0.12316520271419823,0.1299348604340763,0.12917926024162668,0.10735298000916117,0.0764165988686476,0.1267466021101964
0.08579880192144877,0.08587946291128423,0.001319308495789928,0.08658171530499088,0.10206874247801996,0.11590583112289875,0.0627301264130775,0.33874620318429843,0.12096980816819149
0.1136551133016493,0.11665888536785872,0.07434451546679473,0.12074164832599078,0.13236332073720314,0.13668079358894145,0.10777946583369595,0.08084003513487094,0.116936222242995
0.09706877454939129,0.11775494433029339,0.1697393819658133,0.1170379113530234,0.12120487079627891,0.10642186245614242,0.11519217127281484,0.04152761755749626,0.11405246571874612
0.1040493190774849,0.12755759649800005,0.0677951692777707,0.12511600268578862,0.12196045899431207,0.10656599842236127,0.11321378149926653,0.08291515255918132,0.15082652098583446
0.10721500770189142,0.11999227516914894,0.10391616988113606,0.12202742357742746,0.12887370965087067,0.12489541616783727,0.10986549160759755,0.06290618119232992,0.12030832505176066
0.10408614551493,0.12640221754728664,0.04199902178355571,0.1235170705448223,0.12382693293943355,0.12068779918630236,0.10110027180314966,0.10552519149930063,0.1528553491812191
0.11965657009448506,0.11134201369164538,0.07337839456461816,0.1163560627065756,0.13516964520117114,0.14303466628414713,0.1102577421522657,0.08417988887542738,0.10662501642966445
0.10954119731176677,0.12193639256685522,0.024729602591596483,0.12248998637694315,0.11253220316969843,0.10015833192180408,0.10271523113228782,0.14857011129218797,0.15732694363686
0.12677079801534155,0.09075972520253683,0.26220067669273106,0.08617620604425553,0.11909004205664309,0.11068283265351679,0.11422028838305492,0.02879592284605707,0.06130350810586307
0.11506646405050679,0.11524012290468143,0.07987110127028933,0.11968467771695734,0.1328270166688231,0.13753473235725858,0.10879881638166222,0.07804556517594909,0.11293150347387215
0.12279252851197874,0.10841336851271711,0.0111151802662081,0.12086990540531906,0.09816092617329404,0.08053112623519036,0.1055964113872729,0.2298375174622788,0.12268303604574089
0.10709450981575615,0.12092264130163503,0.03553533000704515,0.12117070046154489,0.1270451418404183,0.13262902612163466,0.09818333011299425,0.11689868456744157,0.14052063577152998
0.11668265601158218,0.09848274068558877,0.22654627510298034,0.09867249087885004,0.12031789955864453,0.1176240799887364,0.11102223321710192,0.03462661397429647,0.07602501058221939
0.12976699356641655,0.09309034184960434,0.002842793823440331,0.1176500642434908,0.08140135828983665,0.058247520551007854,0.10122695595757471,0.34895599710997915,0.06681797460864959
0.15708474770592443,0.1153705460281324,0.008557338480846357,0.1368990907220132,0.07853587205892235,0.042289259880240536,0.15554854974609192,0.2648445779170574,0.04087001746077142
0.12044659339746354,0.10990090730193336,0.10275865901034985,0.1141661507635323,0.1336771633561866,0.13892058776931615,0.11253361516459341,0.06827133007098897,0.09932499316563585
0.15376852105375702,0.08224912081773778,0.35226967551768756,0.07308846159314665,0.109630234761599,0.0667342446297257,0.1266727784502753,0.010420882699826042,0.025166080476244856
0.10418294642599031,0.12207264310797511,0.10723818729295892,0.12259919787800927,0.1273360656543118,0.11970295576749523,0.11081439583014992,0.06050454378840044,0.12554906425470905
0.10652857766172179,0.12262319795446201,0.022646530701055406,0.121043672812067,0.11324779462017737,0.10447772673933874,0.09810675215211044,0.15042828987481552,0.1608974574842517
0.12218407268482617,0.09790958537350532,0.004741333501224105,0.11523251575353925,0.0886699641181861,0.07171901764743664,0.09625121166247437,0.3032799984235672,0.10001230083524082
0.10703891726121983,0.11509935052547991,0.14323932120331742,0.11779959974881042,0.12671632233193972,0.12180777541490545,0.11120905845236913,0.0501357323953881,0.10695392266657004
0.1211977787939021,0.10972517156663587,0.09575181093344554,0.11409992988876899,0.1344822518488886,0.1405502247352363,0.11258832993746677,0.07176925901395616,0.09983524328169968
0.09394291311196001,0.08494460326441249,0.37796209987311213,0.08367035685623468,0.09686070288231763,0.08686530474159708,0.10211148861103421,0.014520881155947865,0.05912164950338389
0.10787206628493844,0.12151432726710217,0.082451871568879,0.12323057759666578,0.12955498357432138,0.1275312228743155,0.10796861433091276,0.07319181371816928,0.12668452278469564
0.10338147586399123,0.10437507671686587,0.010811820502029565,0.1069117461181921,0.12312389903242293,0.13898630974053736,0.08576150554983848,0.19792675013611657,0.12872141634000592
0.10609746169899618,0.11651899713753734,0.012961412244622791,0.11642768227893197,0.1069169737908112,0.10047802059085721,0.0904618733239031,0.1930445973105667,0.15709298162377353
0.10484374412079102,0.12230049645258391,0.029822336709952695,0.12066495094769504,0.12406818068792391,0.12839545661296656,0.09557291780856171,0.12610908058920214,0.14822283607032308
0.10307952779695674,0.12766459000304528,0.07126741314719659,0.124888093196881,0.12337242384509901,0.1100312131899323,0.11158176958845258,0.07914422622428434,0.1489707430081522
0.12913193878884344,0.10226905041649419,0.1425585739147978,0.10212296290118039,0.13359475822352,0.1354045273650019,0.11866535656536881,0.054983868703938475,0.08126896312085508
0.09734165238449292,0.10097584528851787,0.2698209721996471,0.10169368568889614,0.11187942161300997,0.1022451523663086,0.10893559220694471,0.025954374514187434,0.08115330373799527
0.11673983243581859,0.10946266660692645,0.13655493390154158,0.11313412153509811,0.12978447087229164,0.1313562023327375,0.11213328941688429,0.05484062527905129,0.09599385761965055
0.1047586286196993,0.12597470799810198,0.05156909870422624,0.12413057249906796,0.12592344656059626,0.12272980046404923,0.10341039428963113,0.09456316139031588,0.14694018947431203
0.13983728630611844,0.08338669439977132,0.31018848476180527,0.0750759952801056,0.11697416505026448,0.09191886796386926,0.1208966317305213,0.019622802727491406,0.04209907178005285
0.099866661723694,0.11553162317522143,0.17230398843973674,0.11624594617136103,0.12236543300655334,0.11118884989370888,0.11296581375423642,0.04150604755299276,0.10802563628249535
0.09476778102301679,0.09767160998684349,0.29725330471370887,0.09787147838986325,0.10809341432818659,0.09771180003458317,0.1078939951110993,0.022458679669264518,0.0762779367434341
0.13758828788947502,0.11648760460761202,0.03886536596919977,0.13359387422778266,0.10334087581103557,0.07361215502372663,0.14529604641486527,0.14833705931647367,0.10287873073982932
0.13927930404722308,0.08839507870536355,0.2614099938777971,0.08030693473383128,0.1239274213692208,0.1051959828657361,0.12377478892205362,0.027236429563886302,0.05047406591488807
0.10688262064967403,0.12309268269480933,0.07308123951864264,0.12386780739821664,0.12891068595750774,0.12650701227197725,0.10688761661839345,0.07826410722589748,0.1325062276648815
0.10370566908160032,0.12735220426399793,0.05876643396556288,0.12468806772400702,0.12479161575062407,0.11711280042929058,0.106392511694818,0.08775659224075975,0.14943410484933936
0.12343371842287781,0.1047281762821129,0.1455438264114937,0.10663051129500593,0.131012939062882,0.1335282954417781,0.11497374187071023,0.053507415266943824,0.08664137594619543
0.09327230927382417,0.11101945457299313,0.22298640244503623,0.11043685022616852,0.11595604286257762,0.10076663058508828,0.1144511717824459,0.031595357281067826,0.09951578097079829
0.11867344577216947,0.11014667312890825,0.11631392037549504,0.11421572356413141,0.13202877879999117,0.1356134341227734,0.11228871802409324,0.06220587966166503,0.09851342655077294
0.09902410771968995,0.09716367782641167,0.2883343546685149,0.0976756908532473,0.10973247958016365,0.10130953036235159,0.10732367276933731,0.02397144487365001,0.0754650413466335
0.12125283028895602,0.10471621918583278,0.03827313475660823,0.11063448312453976,0.13859758637195072,0.15086334740122134,0.10828532516206017,0.12109092622378127,0.10628614748504982
0.10473632158041424,0.12761608378278583,0.04767578852390972,0.12466982584866552,0.12081706143163112,0.1092308130831698,0.1072383736223632,0.10099922679823879,0.15701650532882175
0.13417955383587774,0.07530881226329665,0.41462924919604927,0.06650871616934587,0.09707888870371363,0.06755199069279706,0.10609815825960965,0.008553372065857124,0.030091258813453096
0.10337203986953641,0.12782458037895714,0.06319519540991865,0.12488861478312284,0.12370935849050017,0.11272653063688486,0.10895564547134366,0.08462306124164504,0.1507049737180913
0.11201545485438691,0.11892652762706546,0.11332614728468794,0.12510620177841722,0.11427177408432361,0.08528676046794083,0.13924842032322524,0.06951443536766663,0.12230427821228612
0.10270739353781759,0.08204724106664392,0.3787212286446255,0.07966213420922084,0.09759407196156068,0.08844042329271772,0.10087592696115066,0.014812314720217675,0.05513926560604543
0.10912794193499221,0.11827481877576933,0.03560496324884834,0.1201317930722534,0.1288251665555817,0.13684467484468693,0.09886366273280402,0.11830870917528631,0.13401826965977778
0.10446179362972353,0.1229004887390085,0.09867285828025109,0.12320618262217163,0.1275926449805093,0.1204481433346289,0.11020598148914373,0.0640244813108734,0.1284874256136899
0.1478894001619662,0.08395864818127503,0.3017035800722734,0.07512056756717161,0.12002792765522292,0.08728828485616906,0.12861573765605414,0.01880617882585185,0.03658967502401573
0.10684961855891144,0.12204365796302545,0.08708221555555858,0.12333191122735711,0.12900151445589728,0.1254388745979427,0.10856771069421271,0.07030453289606231,0.12737996405103247
0.10005342254441206,0.12481530267021634,0.11285111165399604,0.12265327005591838,0.12310261494712438,0.10650309508705123,0.11647521362558111,0.05810778130736668,0.13543818810833383
0.10909540791524276,0.11504303715783086,0.13285607173525907,0.11820743354118118,0.12803210356617906,0.12497543325238729,0.11093609991453357,0.05368233708309763,0.10717207583428867
0.13002632941101858,0.1104374936134866,0.01476775297119193,0.12557419404566952,0.09842027753047132,0.0763780104297651,0.11792947536458577,0.21411180904969074,0.11235465758412037
0.0897497759598465,0.0967163601024038,0.002659200638801781,0.09459533032102362,0.10248838803041087,0.11529761783336016,0.06617806237821151,0.2966147293202202,0.13570053541572158
0.1399777604706262,0.07706899705628695,0.4025030022189622,0.0678343821837437,0.09979093059719973,0.06592169727240804,0.11044596101241981,0.00853982582919192,0.027917443359161503
0.12279252851197874,0.10841336851271711,0.0111151802662081,0.12086990540531906,0.09816092617329404,0.08053112623519036,0.1055964113872729,0.2298375174622788,0.12268303604574089
0.10501556963751073,0.12111149698693802,0.027701382957959365,0.11985382586151559,0.12412125389158792,0.12994420298125753,0.0946110506201683,0.13095259012900914,0.14668862693405338
0.12649506752299108,0.105900639443062,0.07305165786455957,0.10991118096103625,0.1389781657883493,0.14740762315973022,0.11523905143010225,0.08650359329229242,0.09651302053787691
0.10212784651423933,0.12179173431456532,0.020143479028415973,0.11803166649238324,0.11832361787195017,0.12182187054768216,0.09024770777877918,0.1505326278191248,0.15697944963285992
0.10276512741956016,0.11455166807977757,0.1665552084814335,0.11623244612518681,0.12373529000454424,0.11523047613740327,0.11195924072719902,0.043400552883859966,0.10556999014103548
0.09896003781711026,0.115638549572964,0.010937725032345686,0.11158207802950611,0.11262589709670943,0.12006204739727915,0.08167059928752379,0.19343829593039064,0.15508476983617095
0.09817593173872162,0.10371253325389757,0.2506185907791021,0.10468577387260351,0.11431426234129095,0.10466187948834738,0.1098716767797704,0.028512359621610844,0.08544699212465556
0.10013746511336974,0.10087487398328769,0.0037975595378782253,0.10369879448297133,0.09461492612359595,0.09289972912066254,0.07378751372780029,0.29071622238773087,0.13947291552270333
0.10128461821703243,0.09880268590023689,0.2714855318646753,0.09966009959973694,0.11217086559802707,0.10460476429726655,0.10794775629046982,0.02628135760592799,0.07776232062662705
0.11300142858977945,0.11788008548719776,0.019152213178251155,0.12165136770701186,0.10831432985940925,0.09459019459954132,0.10250144625205448,0.17225928300304313,0.1506496513237116
0.09603287259366321,0.10901732356933092,0.005854679953469016,0.10536896850416659,0.10379294550346041,0.10987945814825223,0.07426760379217769,0.24311916550873014,0.1526669824267498
0.10463354772374474,0.12749665192297524,0.06396214816526803,0.12522331566353848,0.12142951928629912,0.10585683987170373,0.11308216399560901,0.08634152133865963,0.15197429203220209
0.10421331136708899,0.12632936683041793,0.06518348687568973,0.12461262311499248,0.1263267617721932,0.12007047631578709,0.10671871770370285,0.08260486057339582,0.14394039544673187
0.1269944051140708,0.1175432383741397,0.08052057956191147,0.13091024448324454,0.1094904927330153,0.07814341134682,0.14938767296414268,0.09650098517270984,0.11050897024994562
0.09702898216771087,0.11184392601172055,0.20544534537662804,0.11225187885784722,0.1187718501878014,0.10634253338796858,0.11297610976225052,0.03490704840354933,0.10043232584452337
0.11388654262661575,0.11551826209114892,0.05011198593163365,0.11970946737463684,0.13264107688020257,0.1409829197467721,0.10433881940441075,0.10154057722680804,0.12127034871777131
0.1350143277874691,0.08919303157850578,0.26030893231510827,0.0821350243903106,0.12245048854623715,0.1080067309952249,0.1201517762568493,0.028192155570596334,0.054547532559698554
0.1252598457917101,0.10670232442347503,0.07082004975795266,0.11111394231886673,0.13841356239306538,0.14725030585826235,0.11405118579014073,0.08782398321818984,0.09856480044833708
0.10930651506165467,0.11552420584901994,0.029077362742066442,0.11792268632527562,0.1286499796289761,0.13927728651962276,0.0969065237939644,0.13128699987614353,0.1320484402032766
0.11136708488988235,0.11692648862392714,0.041303828708948984,0.12005098523300607,0.13080586112685114,0.13923417138849328,0.10135121401477548,0.11100345882528906,0.12795690718882655
0.11555529517329947,0.11263805334331457,0.11277940368695495,0.11685856888286328,0.13129203669949283,0.13359916308369338,0.1111343559717508,0.06257766256012386,0.10356546059850684
0.10534030753056922,0.12664685091519656,0.03733990197094938,0.12381595582383757,0.11876539932814195,0.10844733456942142,0.10409562184261871,0.11570926578959051,0.1598393622296747
0.10461089649467463,0.11987773905343158,0.016042277244915974,0.11776784635533204,0.11045379268067342,0.10529578262816049,0.0915522690620512,0.17333936476449896,0.16106003171626174
0.10280541936090692,0.12390902200064789,0.10199045661998714,0.12325760840503693,0.12646223198496537,0.11674153458601777,0.11135533827820093,0.062151506555833264,0.13132688220840377
0.11791176112125579,0.11212852400352898,0.057127780382499306,0.11729317465548499,0.1349239750472199,0.14428800616273832,0.1075590996748635,0.09651949778513032,0.1122481811672789
0.10954789368034956,0.1253926299416975,0.05099343467606804,0.12596770137574703,0.11777256553062827,0.09928665239431382,0.11563943388289678,0.10361725290580033,0.15178243561249866
0.10799257190352511,0.10956604255830227,0.17793570209187162,0.1123483703632822,0.12393882285122206,0.1195930115046217,0.11102188038535792,0.04231950616699326,0.09528409217482385
0.09905151007693808,0.11024215217877381,0.009491686056038522,0.10840756228397193,0.11566472241325935,0.12846467853700466,0.08063940246558636,0.20411043841391516,0.14392784757451213
0.11192618571416342,0.09683399734121546,0.25313460155338213,0.09706235731045215,0.11609163831169893,0.1118584055160075,0.10894266887948027,0.0299675419564026,0.07418260341719753
0.10357094274969501,0.12485575801420261,0.03053641100392686,0.1215527825514442,0.12175454807234905,0.12176385339079199,0.09637156732535927,0.12404465702954075,0.15554947986269024
0.1123706327980824,0.08704863617644042,0.3225063906539492,0.08453091923453533,0.10721006086984597,0.0995755305001792,0.10545891987479417,0.02085635908542514,0.06044255080674817
0.11797085539805541,0.10998951049910377,0.04403477801751312,0.11545107613357203,0.13544332369953382,0.14698007020971754,0.10587556735582437,0.11127717594119717,0.11297764274548276
0.11522865989325239,0.11464889021647483,0.055234616038311944,0.11924872272071228,0.13342339023438068,0.14169121775177682,0.10583149695307607,0.09695340652744079,0.11773959966457426
0.11036647434706155,0.11895192758089584,0.08695567159121727,0.1219884611257902,0.13066313961900397,0.1308640372317674,0.10847873807241554,0.07194623216771441,0.1197853182641339
0.10039705413672002,0.11825842643910696,0.15293912454220082,0.1185925356861202,0.1237858385421744,0.11236175691793114,0.113221537053249,0.04587316518828229,0.11457056149421514
0.10347029575565266,0.12517820675717992,0.030638712373449232,0.12167745214437586,0.12134071115521443,0.12054273568732456,0.0966278681813827,0.12389461677686177,0.1566294011685588
0.10429473433901336,0.12706243239604875,0.03804509912770319,0.12359609854318455,0.12012372406750206,0.1120465600163497,0.10253828006042842,0.1128769215874685,0.1594161498623014
0.10150410243859848,0.11252591382694077,0.18463663262535046,0.11406142769585458,0.12187449449435982,0.11270818803607217,0.11191206688368094,0.0394705902964807,0.1013065837026621
0.1331027134168075,0.10027004047401265,0.06038429129221312,0.1023192518850649,0.14558163318946807,0.15048482146023084,0.1228174844824853,0.09697219946951298,0.08806756433020468
0.11366725230527748,0.07943354162184667,0.37822423264156396,0.0748994403497179,0.09960451340613563,0.08781836951527117,0.1021219110226062,0.014730609838909904,0.049500129298671126
0.13926466937782908,0.0769709464070373,0.43683267982042623,0.06623840367052632,0.09156012828678946,0.05626034112725136,0.10353412609199338,0.00548332813684201,0.02385537708130492
0.11344330770163935,0.11019156248224322,0.01030699082845953,0.1169060017648809,0.10089838030686145,0.08900864189808765,0.09482282345435557,0.22385632229692373,0.14056596926654863
0.1277618149535249,0.07241751737388381,0.4699929025061617,0.06261206801325321,0.0841401880812313,0.056564277739298195,0.09535251807407137,0.004864113432790523,0.026294599825785064
0.10576398683381423,0.09252251529208867,0.29990407056864027,0.0921625037630862,0.10904680896176477,0.10256280118043264,0.10601628391917574,0.023267799957289947,0.06875322952370748
0.10682820004779237,0.12334063943107824,0.06950413808301988,0.12394125724585621,0.12879023600813347,0.12669054396748405,0.10636365483455995,0.08060460285296478,0.133936727529111
0.10677294355914092,0.12305678705449002,0.024069217990500685,0.12154725232714304,0.1137431789460429,0.10436707667237165,0.09925169285930574,0.14646325907625235,0.16072859151475266
0.10197876332187805,0.11441875756280466,0.17070594770546013,0.11590250710976313,0.12317681067561144,0.11404438812216537,0.11212595424185264,0.04233023792324198,0.10531663333722256
0.09143854016033542,0.08750996771267246,0.001229527567965314,0.0918351858412055,0.08886123032810118,0.09104235782512664,0.06139421557484259,0.36420448755641854,0.12248448743333236
0.10984464074215779,0.11875727875952513,0.041303556301919654,0.12094917296413961,0.12969821047988597,0.13668621244165408,0.10073876821970407,0.10993754678277974,0.1320846133082339
0.10225332328126881,0.12590750407360748,0.09057638860521862,0.12406392994459038,0.12546798727048578,0.11401007006187695,0.11163805483967443,0.06718036650408633,0.1389023754191912
0.1372833064505348,0.08018081978594001,0.345632288253596,0.07207047379817672,0.11058665285276781,0.08429842553197107,0.11591302288649219,0.015505030183093507,0.038529980257427904
0.10952981985691324,0.11219088193944526,0.15227997514390376,0.11540102554694243,0.1266357943274936,0.12355672018467356,0.11118093624195026,0.04853653038476757,0.1006883163739104
0.10680239370312393,0.11952439101769656,0.12575910989770087,0.12301185983335756,0.11554731301069793,0.08793312847954032,0.13506740461031724,0.061570580997415414,0.12478381845015026
0.10742271334062586,0.09427286402590486,0.2836422972828265,0.09420722775586614,0.11143753764479965,0.10562007888114648,0.10698488868905132,0.025399196456193554,0.07101319592358567
0.11145010732399069,0.11762999194352552,0.09208874968331388,0.12113966368713676,0.13096038432418375,0.1317315097343294,0.10905244292355214,0.0698620902211453,0.11608506015882265
0.10902602296927362,0.10099787610103471,0.004861305817246361,0.1093416765631929,0.09365891483119572,0.08509354161084419,0.08316737173486272,0.28397209058903267,0.12988119978331705
0.09902410771968995,0.09716367782641167,0.2883343546685149,0.0976756908532473,0.10973247958016365,0.10130953036235159,0.10732367276933731,0.02397144487365001,0.0754650413466335
0.11937894882134571,0.11176299485911771,0.013721205615031764,0.12117346065520312,0.10197954934696075,0.0856161561724784,0.10451924369677017,0.20767546246413082,0.13417297836896155
0.13190439822188785,0.09320014973115127,0.22913475128254387,0.08794289727964345,0.12508002042771194,0.11678234761853583,0.1190321810501902,0.034136793558958815,0.06278646082937675
0.11270640770601122,0.11195106504428436,0.13772535626348859,0.11563833847554918,0.12862494532699145,0.1280145973279633,0.11128306955787821,0.053375403402209455,0.10068081689562418
0.10263713163808469,0.12373511423340637,0.023421211993276538,0.11972053928543656,0.11843928096472173,0.11870855728057268,0.09295984000327184,0.14098056125910652,0.15939776334212302
0.10489308038559768,0.12652300504742206,0.03509274994911782,0.1233715690446993,0.11872605228159742,0.10977734610553071,0.10240846228864092,0.11875080857910619,0.16045692631828792
0.12612588710329845,0.1131339379436434,0.12141490905550807,0.1291592734859693,0.1055373934696645,0.07188811972691204,0.16155389738149487,0.07681714884196146,0.09436943299154794
0.09104052686509741,0.07706124811887702,0.43565000289135675,0.07470420691359766,0.08793169263792468,0.0763953999613954,0.09870416132939086,0.009687015802555413,0.04882574547980486
0.10362594425838617,0.12553471641519487,0.03274506016986958,0.12213276509499055,0.12186398873892396,0.12051051308983862,0.09760658381088361,0.11989436581635686,0.15608606260555574
0.1433010903919669,0.08051429881228693,0.34337655624221486,0.07196753783008694,0.1119685666973332,0.0798606452226913,0.12044541280424625,0.014416153463512845,0.03414973853566077
0.10415633621921773,0.1263516933869178,0.0426991328422792,0.12357017245640202,0.1240608341977904,0.12101703337634855,0.10125776194565177,0.10460552168057143,0.15228151389482114
0.11221934391969242,0.12006221860077097,0.023099177514261177,0.12276457522990918,0.11062371143925136,0.0964589043036682,0.10452419638713506,0.1571547512888447,0.15309312131646682
0.1019306125590941,0.1266645440556931,0.08816078975350533,0.1242459306047361,0.1242198502563515,0.11042113154479949,0.11312984386888025,0.06872532465007662,0.14250197270686352
0.1029257327614722,0.12377639917091854,0.022322358343949886,0.11972675896704622,0.11643212550443306,0.1142212468649102,0.0933624030773504,0.14536227567327598,0.16187069963664355
0.11968188884137117,0.08671996378201663,0.30972046961557714,0.08273023920475957,0.11075234368461544,0.10164960782842332,0.10838558555685586,0.022321753111323516,0.058038148375057406
0.13897514908602157,0.10687777709104705,0.009607098515611397,0.12714380863699284,0.0893772811480399,0.06393211692959816,0.12487357090922986,0.2575097050895522,0.08170349259390701
0.14755802068152804,0.09764611173938957,0.10335974531997698,0.09114713786529194,0.14929234311334375,0.1368797964111124,0.14222805537411734,0.06718253060962971,0.06470625888561028
0.12365750828776834,0.08169911696795172,0.3439337012113251,0.07582596657923002,0.10719403487238188,0.09273472144264412,0.10802409200450645,0.01779606731689137,0.04913479131730106
0.10470394893045078,0.10397352434804634,0.011705594697335397,0.10720155263209745,0.12476992759002548,0.14069956107970874,0.08745054400939878,0.1929460760635394,0.1265492706493977
0.1252598457917101,0.10670232442347503,0.07082004975795266,0.11111394231886673,0.13841356239306538,0.14725030585826235,0.11405118579014073,0.08782398321818984,0.09856480044833708
0.10148312672284399,0.12001806304167124,0.017197612879508693,0.11633637388249692,0.11736653517895941,0.12273691409686908,0.0878895401479202,0.16118144969998682,0.1557903843497436
0.09892224798006011,0.11817270654563905,0.15975645326305235,0.11801642541511041,0.1227176115136691,0.10978712417885335,0.11402757363511828,0.04399260277024048,0.11460725469825676
0.10883451774596796,0.11771155317985615,0.03271190647222839,0.1194951383560962,0.1284068903282096,0.13715734289301285,0.09783854498834559,0.12334890642371099,0.13449519961257225
